scoring_period,date_ct,games
1,2026-10-20,3
2,2026-10-21,11
3,2026-10-22,2
4,2026-10-23,12
5,2026-10-24,8
6,2026-10-25,7
7,2026-10-26,9
8,2026-10-27,4
9,2026-10-28,12
10,2026-10-29,3
11,2026-10-30,10
12,2026-10-31,7
13,2026-11-01,4
14,2026-11-02,15
16,2026-11-04,14
17,2026-11-05,2
18,2026-11-06,9
19,2026-11-07,7
20,2026-11-08,7
21,2026-11-09,8
22,2026-11-10,6
23,2026-11-11,10
24,2026-11-12,4
25,2026-11-13,9
26,2026-11-14,5
27,2026-11-15,9
28,2026-11-16,8
29,2026-11-17,5
30,2026-11-18,12
31,2026-11-19,4
32,2026-11-20,9
33,2026-11-21,6
34,2026-11-22,7
35,2026-11-23,10
36,2026-11-24,3
37,2026-11-25,9
39,2026-11-27,11
40,2026-11-28,5
41,2026-11-29,10
42,2026-11-30,7
43,2026-12-01,8
44,2026-12-02,9
45,2026-12-03,5
54,2026-12-12,8
55,2026-12-13,6
56,2026-12-14,11
57,2026-12-15,2
58,2026-12-16,13
59,2026-12-17,3
60,2026-12-18,12
61,2026-12-19,4
62,2026-12-20,10
63,2026-12-21,10
64,2026-12-22,3
65,2026-12-23,15
67,2026-12-25,5
68,2026-12-26,8
69,2026-12-27,12
70,2026-12-28,4
71,2026-12-29,9
72,2026-12-30,6
73,2026-12-31,9
74,2027-01-01,6
75,2027-01-02,10
76,2027-01-03,8
77,2027-01-04,6
78,2027-01-05,9
79,2027-01-06,5
80,2027-01-07,12
81,2027-01-08,8
82,2027-01-09,6
83,2027-01-10,8
84,2027-01-11,6
85,2027-01-12,8
86,2027-01-13,7
87,2027-01-14,9
88,2027-01-15,8
89,2027-01-16,6
90,2027-01-17,8
91,2027-01-18,7
92,2027-01-19,7
93,2027-01-20,10
94,2027-01-21,4
95,2027-01-22,11
96,2027-01-23,6
97,2027-01-24,7
98,2027-01-25,8
99,2027-01-26,7
100,2027-01-27,9
101,2027-01-28,8
102,2027-01-29,6
103,2027-01-30,8
104,2027-01-31,8
105,2027-02-01,7
106,2027-02-02,8
107,2027-02-03,6
108,2027-02-04,10
109,2027-02-05,6
110,2027-02-06,9
111,2027-02-07,8
112,2027-02-08,7
113,2027-02-09,10
114,2027-02-10,7
115,2027-02-11,7
116,2027-02-12,8
117,2027-02-13,7
118,2027-02-14,7
119,2027-02-15,8
120,2027-02-16,5
121,2027-02-17,13
122,2027-02-18,4
129,2027-02-25,10
130,2027-02-26,7
131,2027-02-27,6
132,2027-02-28,9
133,2027-03-01,6
134,2027-03-02,9
135,2027-03-03,7
136,2027-03-04,8
137,2027-03-05,6
138,2027-03-06,7
139,2027-03-07,6
140,2027-03-08,8
141,2027-03-09,7
142,2027-03-10,8
143,2027-03-11,9
144,2027-03-12,6
145,2027-03-13,8
146,2027-03-14,7
147,2027-03-15,5
148,2027-03-16,10
149,2027-03-17,8
150,2027-03-18,9
151,2027-03-19,6
152,2027-03-20,7
153,2027-03-21,7
154,2027-03-22,8
155,2027-03-23,6
156,2027-03-24,11
157,2027-03-25,7
158,2027-03-26,6
159,2027-03-27,7
160,2027-03-28,9
161,2027-03-29,8
162,2027-03-30,6
163,2027-03-31,10
164,2027-04-01,4
165,2027-04-02,12
166,2027-04-03,2
167,2027-04-04,13
168,2027-04-05,3
169,2027-04-06,11
170,2027-04-07,9
171,2027-04-08,5
172,2027-04-09,14
174,2027-04-11,15
