overall,round,round_pick,team_id,player_id,keeper,reserved_for_keeper
1,1,1,4,-1,False,True
2,1,2,8,-1,False,True
3,1,3,2,-1,False,True
4,1,4,5,-1,False,True
5,1,5,6,-1,False,True
6,1,6,1,-1,False,True
7,1,7,3,-1,False,True
8,1,8,7,-1,False,True
9,2,1,4,-1,False,True
10,2,2,8,-1,False,True
11,2,3,2,-1,False,True
12,2,4,5,-1,False,True
13,2,5,6,-1,False,True
14,2,6,1,-1,False,True
15,2,7,3,-1,False,True
16,2,8,7,-1,False,True
17,3,1,4,-1,False,True
18,3,2,8,-1,False,True
19,3,3,2,-1,False,True
20,3,4,5,-1,False,True
21,3,5,6,-1,False,True
22,3,6,1,-1,False,True
23,3,7,3,-1,False,True
24,3,8,7,-1,False,True
25,4,1,4,-1,False,True
26,4,2,8,-1,False,True
27,4,3,2,-1,False,True
28,4,4,5,-1,False,True
29,4,5,6,-1,False,True
30,4,6,1,-1,False,True
31,4,7,3,-1,False,True
32,4,8,7,-1,False,True
33,5,1,4,-1,False,False
34,5,2,8,-1,False,False
35,5,3,2,-1,False,False
36,5,4,5,-1,False,False
37,5,5,6,-1,False,False
38,5,6,1,-1,False,False
39,5,7,3,-1,False,False
40,5,8,7,-1,False,False
41,6,1,7,-1,False,False
42,6,2,3,-1,False,False
43,6,3,1,-1,False,False
44,6,4,6,-1,False,False
45,6,5,5,-1,False,False
46,6,6,2,-1,False,False
47,6,7,8,-1,False,False
48,6,8,4,-1,False,False
49,7,1,4,-1,False,False
50,7,2,8,-1,False,False
51,7,3,2,-1,False,False
52,7,4,5,-1,False,False
53,7,5,6,-1,False,False
54,7,6,1,-1,False,False
55,7,7,3,-1,False,False
56,7,8,7,-1,False,False
57,8,1,7,-1,False,False
58,8,2,3,-1,False,False
59,8,3,1,-1,False,False
60,8,4,6,-1,False,False
61,8,5,5,-1,False,False
62,8,6,2,-1,False,False
63,8,7,8,-1,False,False
64,8,8,4,-1,False,False
65,9,1,4,-1,False,False
66,9,2,8,-1,False,False
67,9,3,2,-1,False,False
68,9,4,5,-1,False,False
69,9,5,6,-1,False,False
70,9,6,1,-1,False,False
71,9,7,3,-1,False,False
72,9,8,7,-1,False,False
73,10,1,7,-1,False,False
74,10,2,3,-1,False,False
75,10,3,1,-1,False,False
76,10,4,6,-1,False,False
77,10,5,5,-1,False,False
78,10,6,2,-1,False,False
79,10,7,8,-1,False,False
80,10,8,4,-1,False,False
81,11,1,4,-1,False,False
82,11,2,8,-1,False,False
83,11,3,2,-1,False,False
84,11,4,5,-1,False,False
85,11,5,6,-1,False,False
86,11,6,1,-1,False,False
87,11,7,3,-1,False,False
88,11,8,7,-1,False,False
89,12,1,7,-1,False,False
90,12,2,3,-1,False,False
91,12,3,1,-1,False,False
92,12,4,6,-1,False,False
93,12,5,5,-1,False,False
94,12,6,2,-1,False,False
95,12,7,8,-1,False,False
96,12,8,4,-1,False,False
97,13,1,4,-1,False,False
98,13,2,8,-1,False,False
99,13,3,2,-1,False,False
100,13,4,5,-1,False,False
101,13,5,6,-1,False,False
102,13,6,1,-1,False,False
103,13,7,3,-1,False,False
104,13,8,7,-1,False,False
105,14,1,7,-1,False,False
106,14,2,3,-1,False,False
107,14,3,1,-1,False,False
108,14,4,6,-1,False,False
109,14,5,5,-1,False,False
110,14,6,2,-1,False,False
111,14,7,8,-1,False,False
112,14,8,4,-1,False,False
