team,player_id,name,status,updated,return_date,detail,comment
Atlanta Hawks,4397020,Luguentz Dort,Day-To-Day,2026-10-08T22:33Z,2026-10-10,Knee,"Dort (knee) has been ruled out for Thursday's preseason matchup with San Antonio, Brad Rowland of the Locked On Podcast Network reports."
Atlanta Hawks,4701230,Jalen Johnson,Day-To-Day,2026-10-08T22:31Z,2026-10-10,Rest,"Johnson (rest) has been ruled out for Thursday's preseason game against San Antonio, Brad Rowland of the Locked On Podcast Network reports."
Atlanta Hawks,5105571,Henri Veesaar,Out,2026-09-21T19:50Z,2027-07-01,Knee,"Veesaar was diagnosed with a torn right ACL and is expected to miss the 2026-27 season, the Hawks announced Monday."
Atlanta Hawks,4712863,Mouhamed Gueye,Day-To-Day,2026-07-19T00:14Z,2026-10-21,Foot,"Gueye underwent surgery Tuesday to repair a fractured left foot that he suffered during a workout last week, Brad Rowland of the Locked On Podcast Network reports."
Boston Celtics,4065804,Sam Hauser,Day-To-Day,2026-10-08T23:14Z,2026-10-10,Rest,"Hauser (rest) is out for Thursday's preseason game against the Cavaliers, Sean Grande of NBC Sports Boston reports."
Boston Celtics,4397251,Ron Harper Jr.,Day-To-Day,2026-10-08T23:02Z,2026-10-10,Shoulder,"Harper (undisclosed) won't play in Thursday's preseason game against the Cavaliers, Sean Grande of NBC Sports Boston reports."
Boston Celtics,4066354,Payton Pritchard,Day-To-Day,2026-10-08T23:01Z,2026-10-10,Undisclosed,"Pritchard (undisclosed) has been ruled out for Thursday's preseason game against the Cavaliers, Sean Grande of NBC Sports Boston reports."
Boston Celtics,4351852,Mitchell Robinson,Day-To-Day,2026-10-08T22:59Z,2026-10-10,Undisclosed,"Robinson (undisclosed) won't play in Thursday's preseason game against the Cavaliers, Sean Grande of NBC Sports Boston reports."
Boston Celtics,4397424,Neemias Queta,Day-To-Day,2026-10-08T22:48Z,2026-10-10,Rest,"Queta (rest) isn't in line to play Thursday against Cleveland, Zack Cox of the Boston Herald reports."
Boston Celtics,4251,Paul George,Day-To-Day,2026-10-08T22:44Z,2026-10-10,Rest,"George (rest) isn't in line to play Thursday versus Cleveland, Zack Cox of the Boston Herald reports."
Boston Celtics,4065648,Jayson Tatum,Day-To-Day,2026-10-08T22:42Z,2026-10-10,Rest,"Tatum (rest) isn't in line to play Thursday against Cleveland, Zack Cox of the Boston Herald reports."
Boston Celtics,3078576,Derrick White,Day-To-Day,2026-10-08T22:40Z,2026-10-10,Rest,"White (rest) isn't in line to play Thursday against Cleveland, Zack Cox of the Boston Herald reports."
Brooklyn Nets,4870564,Joshua Jefferson,Day-To-Day,2026-10-08T15:10Z,2026-10-12,Back,"Jefferson (back) will not play in Thursday's preseason game against the 76ers, Brian Lewis of the New York Post reports."
Brooklyn Nets,5101761,Mikel Brown Jr.,Day-To-Day,2026-10-08T15:07Z,2026-10-12,Ankle,"Brown (ankle) will miss Thursday's preseason game against Philadelphia, Brian Lewis of the New York Post reports."
Brooklyn Nets,4432194,Day'Ron Sharpe,Day-To-Day,2026-10-08T15:05Z,2026-10-12,Shoulder,"Sharpe has been ruled out for Thursday's preseason matchup against Philadelphia due to left shoulder soreness, Brian Lewis of the New York Post reports."
Brooklyn Nets,4278104,Michael Porter Jr.,Day-To-Day,2026-10-08T15:04Z,2026-10-12,Wrist,"Porter will not play in Thursday's preseason game against Philadelphia due to left wrist soreness, Brian Lewis of the New York Post reports."
Charlotte Hornets,4433287,Brandon Miller,Day-To-Day,2026-10-06T21:21Z,2026-10-11,Leg,Miller (leg) is listed as out for Tuesday's preseason game versus the Nets.
Charlotte Hornets,5060701,Christian Anderson,Day-To-Day,2026-10-06T21:16Z,2026-10-11,Ankle,Anderson (ankle) won't play in Tuesday's preseason game against the Nets.
Charlotte Hornets,4684269,Kylan Boswell,Day-To-Day,2026-10-05T21:28Z,2026-10-21,Knee,"Boswell is rehabbing a right knee injury, and he's hopeful to be cleared for basketball activities prior to the start of the G League season in late October."
Charlotte Hornets,4395651,Coby White,Day-To-Day,2026-10-05T20:56Z,2026-10-21,Calf,The Hornets announced Monday that White suffered a left calf strain during training camp and will not play during the preseason.
Charlotte Hornets,5061575,Kon Knueppel,Day-To-Day,2026-09-28T14:25Z,2026-10-21,Hamstring,"Hornets general manager Jeff Peterson said Monday that he ""doesn't know"" whether Knueppel (hamstring) will be available for the team's regular-season opener against the Nets, Owen Watterson of SI.com reports."
Charlotte Hornets,4066218,Grant Williams,Day-To-Day,2026-09-25T23:03Z,2026-10-21,Hamstring,"Williams will miss the preseason after suffering a right hamstring injury, the Hornets announced Friday."
Chicago Bulls,4066650,Zach Collins,Day-To-Day,2026-10-07T22:53Z,2026-10-09,Toe,"Collins (toe) won't play in Wednesday's preseason game against the Suns, K.C. Johnson of Chicago Sports Network reports."
Chicago Bulls,4898010,Jaylin Sellers,Day-To-Day,2026-10-07T22:33Z,2026-10-09,Back,"Sellers (back) won't play in Wednesday's preseason game against the Suns, Duane Rankin of The Arizona Republic reports."
Chicago Bulls,4395626,Tre Jones,Day-To-Day,2026-10-07T22:32Z,2026-10-09,Hip,"Jones won't play in Wednesday's preseason game against the Suns, Duane Rankin of The Arizona Republic reports."
Chicago Bulls,4278067,Nic Claxton,Day-To-Day,2026-10-05T18:00Z,2026-10-21,Hamstring,"Claxton tweaked his hamstring and will be re-evaluated in two weeks, Chuck Swirsky of the Bulls Radio Network of the Bulls Radio Network reports."
Cleveland Cavaliers,4997530,Khalifa Diop,Day-To-Day,2026-10-08T22:49Z,2026-10-11,Undisclosed,"Diop (undisclosed) won't play in Thursday's preseason game against Boston, Serena Winters of FanDuel Sports Network Ohio reports."
Cleveland Cavaliers,5106268,Nae'Qwan Tomlin,Day-To-Day,2026-10-08T22:48Z,2026-10-11,Back,"Tomlin (back) won't play in Thursday's preseason game against Boston, Serena Winters of FanDuel Sports Network Ohio reports."
Cleveland Cavaliers,3992,James Harden,Day-To-Day,2026-10-08T22:42Z,2026-10-11,Ankle,"Harden (ankle) has been ruled out for Thursday's preseason game against the Celtics, Serena Winters of FanDuel Sports Network Ohio reports."
Dallas Mavericks,4593125,Santi Aldama,Day-To-Day,2026-09-26T18:15Z,2026-10-09,Undisclosed,"Aldama (undisclosed) was limited during Saturday's practice, Noah Weber of TheSmokingCuban.com reported."
Dallas Mavericks,4683688,Dereck Lively II,Day-To-Day,2026-09-25T15:34Z,2026-10-09,Foot,"Mavericks president Masai Ujiri said Friday that Lively (foot) is ""making good progress"" in his recovery, Mike Curtis of The Dallas Morning News reports."
Denver Nuggets,4592427,Spencer Jones,Day-To-Day,2026-10-08T21:51Z,2026-10-11,Hamstring,"Jones (hamstring) participated in on-court work after Thursday's practice, Katy Winge of Altitude Sports reports."
Detroit Pistons,4433621,Jalen Duren,Day-To-Day,2026-10-07T18:57Z,2026-10-10,Rest,"Duren (rest) is expected to play at some point this preseason, per Hunter Patterson of The Athletic."
Golden State Warriors,4997536,Gui Santos,Day-To-Day,2026-10-07T14:45Z,2026-10-10,Rest,"Santos (rest) won't travel with the Warriors for Wednesday's preseason game against the Trail Blazers, Dalton Johnson of NBC Sports Bay Area reports."
Golden State Warriors,4709138,Brandin Podziemski,Day-To-Day,2026-10-07T14:43Z,2026-10-10,Rest,"Podziemski (rest) won't travel with the Warriors for Wednesday's preseason game against the Trail Blazers, Dalton Johnson of NBC Sports Bay Area reports."
Golden State Warriors,3134903,Gary Payton II,Day-To-Day,2026-10-07T14:42Z,2026-10-10,Rest,"Payton (rest) is out for Wednesday's preseason game against the Trail Blazers, Dalton Johnson of NBC Sports Bay Area reports."
Golden State Warriors,2990969,Georges Niang,Day-To-Day,2026-10-07T14:40Z,2026-10-10,Rest,"Niang (rest) won't travel with the Warriors for Wednesday's preseason game against Portland, Dalton Johnson of NBC Sports Bay Area reports."
Golden State Warriors,4066436,De'Anthony Melton,Day-To-Day,2026-10-07T14:38Z,2026-10-10,Rest,"Melton (rest) won't travel with the Warriors for Wednesday's preseason game against the Trail Blazers, Dalton Johnson of NBC Sports Bay Area reports."
Golden State Warriors,5175737,Yaxel Lendeborg,Day-To-Day,2026-10-07T14:21Z,2026-10-10,Rest,"Lendeborg (rest) is out for Wednesday's preseason game against the Trail Blazers, Anthony Slater of ESPN.com reports."
Golden State Warriors,3975,Stephen Curry,Day-To-Day,2026-10-07T13:20Z,2026-10-10,Rest,"Curry generated 16 points, 4-7 FG, 3-6 3Pt, 5-6 FT), five assists and two rebounds across 14 minutes in Tuesday's 124-98 preseason win over the Lakers."
Golden State Warriors,6589,Draymond Green,Day-To-Day,2026-10-07T04:48Z,2026-10-10,Rest,"Green will be limited to around 20 minutes in Tuesday's preseason contest against the Lakers and won't travel to Portland for Wednesday's back-to-back against the Trail Blazers, Anthony Slater of ESPN.com reports."
Golden State Warriors,3102531,Kristaps Porzingis,Day-To-Day,2026-10-06T20:04Z,2026-10-21,Undisclosed,"Porzingis (undisclosed) remains out indefinitely, per Anthony Slater of ESPN.com."
Golden State Warriors,6430,Jimmy Butler III,Out,2026-10-02T18:48Z,2027-01-02,Knee,"The Warriors hope to have Butler (knee) back early in 2027, per Keith Watkins of Yahoo Sports."
Golden State Warriors,4432171,Moses Moody,Out,2026-09-28T15:06Z,2026-12-01,Knee,"Moody has progressed to light on-court activities as he continues his recovery from a ruptured left patellar tendon, Evan Webeck of The Mercury News reports."
Indiana Pacers,2580365,Larry Nance Jr.,Day-To-Day,2026-10-07T22:45Z,2026-10-10,Hamstring,"Nance (hamstring) is out for Wednesday's preseason game against Minnesota, Tony East of Forbes.com reports."
Indiana Pacers,2530530,T.J. McConnell,Day-To-Day,2026-10-07T22:43Z,2026-10-10,Undisclosed,"McConnell (undisclosed) won't play in Wednesday's preseason game against Minnesota, per Tony East of Forbes.com."
Indiana Pacers,5157066,Johnny Furphy,Out,2026-02-09T21:43Z,2027-01-01,Knee,"Furphy was diagnosed with a torn right ACL on Monday and will miss the remainder of the season, Michael Scotto of USA Today reports."
LA Clippers,4702352,Kobe Sanders,Day-To-Day,2026-10-07T20:42Z,2026-10-10,Hip,"Sanders (hip) was limited to individual player development work and did not take part in five-on-five activity Wednesday, Tomer Azarly of ClutchPoints.com reports. Azarly adds that the Clippers said Sanders is day-to-day."
LA Clippers,6580,Bradley Beal,Day-To-Day,2026-10-07T20:35Z,2026-10-10,Knee,"Beal (knee) isn't participating in five-on-five work and is doing individual player development work, Tomer Azarly of ClutchPoints.com reports. Azarly adds that the Clippers said Wednesday that Beal is continuing to have inflammation managed."
LA Clippers,4065778,Max Strus,Out,2026-10-05T22:21Z,2026-11-02,Foot,"Strus has been diagnosed with a partially torn plantar fascia in his right foot and he will be re-evaluated in four weeks, Ohm Youngmisuk of ESPN.com reports."
LA Clippers,5108024,Yanic Konan Niederhauser,Out,2026-09-28T18:07Z,2026-11-01,Foot,"Niederhauser (foot) won't be ready for the start of the season, Law Murray of The Athletic reports."
LA Clippers,3913176,Brandon Ingram,Out,2026-09-28T18:01Z,2026-11-01,Achilles,"Ingram won't be ready for the start of the season due to a partially torn Achilles, per Joey Linn of SI.com."
LA Clippers,4396818,Jordan Miller,Out,2026-08-26T20:04Z,2027-03-01,Shoulder,"Miller underwent surgery Wednesday to repair a torn left rotator cuff and will be re-evaluated in six months, per Law Murray of The Athletic."
Los Angeles Lakers,4433599,Arthur Kaluma,Day-To-Day,2026-10-07T01:03Z,2026-10-08,Lower Body,"Kaluma (lower body) won't play in Tuesday's preseason game Golden State, Luca Evans of the San Francisco Chronicle reports."
Los Angeles Lakers,4277811,Collin Sexton,Day-To-Day,2026-10-07T00:59Z,2026-10-08,Lower Body,"Sexton (lower body) won't play in Tuesday's preseason game against the Warriors, Luca Evans of the San Francisco Chronicle reports."
Los Angeles Lakers,4433137,Ziaire Williams,Day-To-Day,2026-10-07T00:55Z,2026-10-08,Rest,"Williams (rest) is out for Tuesday's preseason game against the Warriors, Luca Evans of the San Francisco Chronicle reports."
Los Angeles Lakers,4433136,Walker Kessler,Day-To-Day,2026-10-07T00:55Z,2026-10-08,Finger,"Kessler (finger) won't play in Tuesday's exhibition game against the Warriors, Luca Evans of the San Francisco Chronicle reports."
Los Angeles Lakers,3945274,Luka Doncic,Day-To-Day,2026-10-07T00:55Z,2026-10-08,Undisclosed,"Doncic (undisclosed) won't play in Tuesday's preseason game against the Warriors, Luca Evans of the San Francisco Chronicle reports."
Los Angeles Lakers,3907498,Matisse Thybulle,Day-To-Day,2026-10-07T00:54Z,2026-10-08,Rest,"Thybulle (rest) will skip Tuesday's exhibition against the Warriors, Luca Evans of the San Francisco Chronicle reports."
Los Angeles Lakers,4066457,Austin Reaves,Day-To-Day,2026-10-07T00:53Z,2026-10-08,Ankle,"Reaves (ankle) won't play in Tuesday's preseason game against the Warriors, Luca Evans of the San Francisco Chronicle reports."
Memphis Grizzlies,4432185,Micah Peavy,Day-To-Day,2026-10-08T02:40Z,2026-10-09,Ankle,Peavy (ankle) did not play in Wednesday's 122-118 preseason loss to the Magic.
Memphis Grizzlies,4432810,Isaiah Stewart,Day-To-Day,2026-10-07T23:05Z,2026-10-09,Ankle,"Stewart (ankle) didn't participate in Tuesday's practice and will not play in Wednesday's preseason game against the Magic, Michael Wallace of the Grizzlies' official site reports."
Miami Heat,4601025,Pelle Larsson,Day-To-Day,2026-10-08T23:08Z,2026-10-10,Illness,"Larsson (illness) won't play in Thursday's preseason game against the Pelicans, Anthony Chiang of the Miami Herald reports."
Miami Heat,4431786,Keshad Johnson,Out,2026-10-07T18:04Z,2026-10-26,Hamstring,"Johnson (hamstring) is practicing in a limited fashion, per Ira Winderman of the South Florida Sun Sentinel."
Miami Heat,4066993,Dru Smith,Day-To-Day,2026-10-01T16:15Z,2026-10-16,Calf,"Smith will miss a couple weeks with a strained right calf, Ira Winderman of the South Florida Sun Sentinel reports."
Milwaukee Bucks,5164559,Nate Ament,Day-To-Day,2026-10-08T01:35Z,2026-10-11,Ankle,"Ament won't return to Wednesday's preseason game against the Thunder due to a left ankle sprain. He'll finish with three points (1-7 FG, 0-1 3Pt, 1-4 FT), four rebounds, one assist and one steal in 10 minutes."
Minnesota Timberwolves,3934673,Donte DiVincenzo,Out,2026-10-05T20:53Z,2027-04-01,Achilles,"DiVincenzo (Achilles) remains confident that he'll return during the 2026-27 season, Jon Krawczynski of The Athletic reports."
New Orleans Pelicans,3907497,Dejounte Murray,Day-To-Day,2026-10-08T22:28Z,2026-10-14,Toe,"Murray (toe) has been ruled out for Thursday's preseason game against the Heat, Andrew Lopez of Gulf Coast Sports &amp; Entertainment Network reports."
New York Knicks,4411057,Kevin McCullar Jr.,Day-To-Day,2026-10-08T22:13Z,2026-10-12,Coach's Decision,"McCullar (undisclosed) won't play in Thursday's preseason game against the Wizards but is in line to suit up for Monday's preseason matchup with Minnesota, Stefan Bondy of The New York Post reports."
New York Knicks,4065673,Tony Bradley,Day-To-Day,2026-10-08T22:08Z,2026-10-12,Coach's Decision,"Bradley (rest) is not in line to play in Thursday's preseason game against Wizards, Stefan Bondy of The New York Post reports."
New York Knicks,4397018,Ochai Agbaji,Day-To-Day,2026-10-08T22:08Z,2026-10-12,Coach's Decision,"Agbaji (coach's decision) won't play in Thursday's preseason game against Washington, Stefan Bondy of The New York Post reports."
New York Knicks,3914285,Drew Eubanks,Day-To-Day,2026-10-08T22:06Z,2026-10-12,Coach's Decision,"Eubanks (rest) is not in line to play in Thursday's preseason game against Wizards, Stefan Bondy of The New York Post reports."
New York Knicks,4277869,Jose Alvarado,Day-To-Day,2026-10-05T21:45Z,2026-10-08,Knee,"Alvarado (knee) won't play in Monday's preseason game against the 76ers, Steve Popper of Newsday reports."
Oklahoma City Thunder,5061603,Thomas Sorber,Day-To-Day,2026-10-07T22:26Z,2026-10-12,Knee,"Sorber (knee) won't play in Wednesday's preseason game against the Bucks, Clemente Almanza of USA Today reports."
Oklahoma City Thunder,4433255,Chet Holmgren,Day-To-Day,2026-10-07T22:24Z,2026-10-12,Rest,"Holmgren (quadriceps) won't play in Wednesday's preseason game against Milwaukee, Clemente Almanza of USA Today reports."
Oklahoma City Thunder,5159925,Nikola Topic,Day-To-Day,2026-10-07T22:24Z,2026-10-12,Back,"Topic (back) won't play in Wednesday's preseason game against the Bucks, Clemente Almanza of USA Today reports."
Oklahoma City Thunder,4222252,Isaiah Hartenstein,Day-To-Day,2026-10-07T22:23Z,2026-10-12,Ankle,"Hartenstein (ankle) won't play in Wednesday's preseason game against the Bucks, Clemente Almanza of USA Today reports."
Oklahoma City Thunder,4432823,Jaylin Williams,Day-To-Day,2026-10-07T22:22Z,2026-10-12,Heel,"Williams (heel) is out for Wednesday's preseason game against the Bucks, Clemente Almanza of USA Today reports."
Orlando Magic,5214637,Noah Penda,Day-To-Day,2026-10-07T23:40Z,2026-10-11,Hamstring,"Penda (hamstring) is out for Wednesday's preseason game in Memphis, Jason Beede of the Orlando Sentinel reports."
Orlando Magic,4712849,Anthony Black,Day-To-Day,2026-10-07T23:39Z,2026-10-11,Ankle,"Black (ankle) has been ruled out for Wednesday's preseason game against the Grizzlies, Jason Beede of the Orlando Sentinel reports."
Orlando Magic,4432165,Jalen Suggs,Day-To-Day,2026-10-07T23:36Z,2026-10-11,Illness,"Suggs (illness) has been ruled out for Wednesday's preseason game against the Grizzlies, Jason Beede of the Orlando Sentinel reports."
Orlando Magic,4065654,Jonathan Isaac,Day-To-Day,2026-10-06T15:42Z,2026-10-11,Knee,"Isaac (knee) won't travel with the Magic for Wednesday's preseason opener against the Grizzlies due to personal reasons, Jason Beede of the Orlando Sentinel reports."
Orlando Magic,5107251,Izaiyah Nelson,Out,2026-09-28T21:33Z,2026-11-01,Ankle,"Team president Jeff Weltman said Monday that Nelson (ankle) remains about a month away from returning to the court after offseason surgery, per Philip Rossman-Reich of OrlandoMagicDaily.com."
Philadelphia 76ers,4870562,Dominick Barlow,Day-To-Day,2026-10-07T17:04Z,2026-10-16,Back,"Barlow (back) isn't expected to play in either of Philadelphia's next two preseason games against Brooklyn and Boston, Dave McMenamin of ESPN.com reports."
Philadelphia 76ers,4351851,Anfernee Simons,Day-To-Day,2026-10-07T17:00Z,2026-10-16,Undisclosed,"Simons (right hamstring) isn't expected to play in either of Philadelphia's next two preseason games against Brooklyn and Boston, Dave McMenamin of ESPN reports."
Philadelphia 76ers,5105637,Adem Bona,Day-To-Day,2026-10-07T16:56Z,2026-10-16,Foot,"Bona (left foot) isn't expected to play in either of Philadelphia's next two preseason games against Brooklyn and Boston, Dave McMenamin of ESPN.com reports."
Philadelphia 76ers,4871141,Ariel Hukporti,Out,2026-10-06T19:17Z,2027-10-01,Achilles,"Hukporti has sustained a season-ending ruptured right Achilles tendon, per Shams Charania of ESPN."
Philadelphia 76ers,3904625,Tacko Fall,Day-To-Day,2026-10-01T22:07Z,2026-10-16,Hip,"Fall was diagnosed with a left hip strain Thursday and will miss at least two weeks, Kyle Neubeck of AllPHLY.com reports."
Phoenix Suns,4066383,Miles Bridges,Day-To-Day,2026-10-08T05:12Z,2026-10-10,Ankle,"Bridges exited Wednesday's 124-117 preseason loss to the Bulls with a right ankle injury and did not return, Duane Rankin of The Arizona Republic reports."
Phoenix Suns,4701232,Mark Williams,Out,2026-09-11T16:03Z,2027-02-03,Shoulder,"Williams underwent surgery Thursday to repair a torn labrum in his left shoulder and will miss an extended period of time, Shams Charania of ESPN reports."
Portland Trail Blazers,4914336,Shaedon Sharpe,Out,2026-08-24T20:23Z,2027-03-02,Knee,"Sharpe suffered a torn meniscus in his knee and is expected to miss six months, per Shams Charania of ESPN."
Sacramento Kings,4594327,Keegan Murray,Day-To-Day,2026-10-06T01:08Z,2026-10-08,Undisclosed,"Murray (undisclosed) won't play in Monday's preseason game against the Lakers, Sean Cunningham of Fox 40 Sacramento reports."
Sacramento Kings,4066262,Malik Monk,Day-To-Day,2026-10-06T01:06Z,2026-10-08,Rest,"Monk (rest) won't suit up for Monday's exhibition versus the Lakers, Sean Cunningham of Fox 40 Sacramento reports."
Sacramento Kings,3907387,Ben Simmons,Day-To-Day,2026-10-06T01:05Z,2026-10-08,Undisclosed,"Simmons (not injury related) won't play in Monday's preseason game against the Lakers, Sean Cunningham of Fox 40 Sacramento reports."
San Antonio Spurs,4066259,De'Aaron Fox,Day-To-Day,2026-10-08T23:18Z,2026-10-10,Undisclosed,"Fox won't play in Thursday's preseason game against the Hawks due to soreness, Jeff McDonald of the San Antonio Express-News reports."
San Antonio Spurs,4277880,Malik Williams,Out,2026-10-08T23:03Z,2026-10-10,Undisclosed,"Williams (undisclosed) is out for Thursday's preseason game against the Hawks, Matt Guzman of SI.com reports."
San Antonio Spurs,5105337,Maliq Brown,Day-To-Day,2026-10-08T17:20Z,2026-10-10,Back,"Brown (back) is out for Thursday's preseason game against the Hawks, Tom Orsborn of the San Antonio Express-News reports."
San Antonio Spurs,5101845,Jayden Quaintance,Out,2026-10-05T21:43Z,2026-12-01,Knee,"Quaintance has been around the team but has not yet been cleared for basketball activities, Matt Guzman of SI.com reports."
San Antonio Spurs,6440,Tobias Harris,Day-To-Day,2026-10-05T01:27Z,2026-10-20,Calf,"Spurs head coach Mitch Johnson said they will not rush Tobias Harris (calf) back to the court, Jared Weiss of The Athletic reports."
Toronto Raptors,4431684,Trayce Jackson-Davis,Day-To-Day,2026-10-06T16:35Z,2026-10-10,Head,"Correcting a previous report, Jackson-Davis (migraines) was absent from Tuesday's practice, Josh Lewenberg of TSN.ca reports."
Toronto Raptors,4431893,Jamison Battle,Day-To-Day,2026-10-05T20:19Z,2026-10-10,Back,"Battle (lower back) was a limited participant in Monday's practice, Esfandiar Baraheni of The Athletic reports."
Toronto Raptors,5149115,Allen Graves,Day-To-Day,2026-10-05T20:15Z,2026-10-10,Groin,"Graves (groin) was limited during Sunday's practice, Josh Lewenberg of TSN.ca reports."
Toronto Raptors,6450,Kawhi Leonard,Day-To-Day,2026-10-05T18:19Z,2026-10-10,Not Injury Related,"Leonard (not injury related) went through a full practice Monday, Michael Grange of Sportsnet.ca reports."
Toronto Raptors,4432586,Nate Bittle,Day-To-Day,2026-10-04T02:56Z,2026-10-10,Foot,Bittle (foot) did not play in Saturday's 129-105 preseason loss to the Heat.
Utah Jazz,3102530,Jusuf Nurkic,Out,2026-10-07T23:07Z,2026-11-04,Foot,"Nurkic will miss at least the next four weeks due to a partial plantar plate tear of second toe in right foot, Chris Haynes of NBA TV reports."
Utah Jazz,4066336,Lauri Markkanen,Day-To-Day,2026-10-07T00:50Z,2026-10-12,Neck,Markkanen won't play in Tuesday's preseason game against the Nuggets due to neck soreness.
Utah Jazz,5105839,Brice Sensabaugh,Day-To-Day,2026-10-07T00:28Z,2026-10-12,Hip,Sensabaugh (hip) won't play in Tuesday's preseason game against the Nuggets.
Utah Jazz,4684793,Kyle Filipowski,Day-To-Day,2026-10-07T00:22Z,2026-10-12,Back,Filipowski (back) is out for Tuesday's exhibition versus the Nuggets.
Washington Wizards,5160992,Alex Sarr,Day-To-Day,2026-10-08T22:27Z,2026-10-10,Foot,"Sarr (foot) won't play in Thursday's preseason game against the Knicks, Josh Robbins of The Athletic reports."
Washington Wizards,6609,Khris Middleton,Day-To-Day,2026-10-08T22:22Z,2026-10-10,Rest,"Middleton (rest) won't play in Thursday's preseason game against the Knicks, Josh Robbins of The Athletic reports."
Washington Wizards,4997537,Tristan Vukcevic,Out,2026-10-01T19:11Z,2026-11-02,Hip,The Wizards announced Thursday that Vukcevic (hip) will be re-evaluated in four weeks.
Washington Wizards,4606840,Jamir Watkins,Out,2026-07-30T20:11Z,2027-04-01,Knee,The Wizards announced Thursday that Watkins has undergone surgery for a torn ACL.
