matchup_period,scoring_period
1,1
1,2
1,3
1,4
1,5
1,6
2,7
2,8
2,9
2,10
2,11
2,12
2,13
3,14
3,15
3,16
3,17
3,18
3,19
3,20
4,21
4,22
4,23
4,24
4,25
4,26
4,27
5,28
5,29
5,30
5,31
5,32
5,33
5,34
6,35
6,36
6,37
6,38
6,39
6,40
6,41
7,42
7,43
7,44
7,45
7,46
7,47
7,48
8,49
8,50
8,51
8,52
8,53
8,54
8,55
9,56
9,57
9,58
9,59
9,60
9,61
9,62
10,63
10,64
10,65
10,66
10,67
10,68
10,69
11,70
11,71
11,72
11,73
11,74
11,75
11,76
12,77
12,78
12,79
12,80
12,81
12,82
12,83
13,84
13,85
13,86
13,87
13,88
13,89
13,90
14,91
14,92
14,93
14,94
14,95
14,96
14,97
15,98
15,99
15,100
15,101
15,102
15,103
15,104
16,105
16,106
16,107
16,108
16,109
16,110
16,111
17,112
17,113
17,114
17,115
17,116
17,117
17,118
18,119
18,120
18,121
18,122
18,123
18,124
18,125
18,126
18,127
18,128
18,129
18,130
18,131
18,132
19,133
19,134
19,135
19,136
19,137
19,138
19,139
20,140
20,141
20,142
20,143
20,144
20,145
20,146
21,147
21,148
21,149
21,150
21,151
21,152
21,153
22,154
22,155
22,156
22,157
22,158
22,159
22,160
23,161
23,162
23,163
23,164
23,165
23,166
23,167
24,168
24,169
24,170
24,171
24,172
24,173
24,174
