matchup_period,start,end,first_sp,last_sp,days,nba_games,playoffs,source
1,2026-10-20,2026-10-25,1,6,6,43,False,inferred:allstar:unconfirmed
2,2026-10-26,2026-11-01,7,13,7,49,False,inferred:allstar:unconfirmed
3,2026-11-02,2026-11-08,14,20,7,54,False,inferred:allstar:unconfirmed
4,2026-11-09,2026-11-15,21,27,7,51,False,inferred:allstar:unconfirmed
5,2026-11-16,2026-11-22,28,34,7,51,False,inferred:allstar:unconfirmed
6,2026-11-23,2026-11-29,35,41,7,48,False,inferred:allstar:unconfirmed
7,2026-11-30,2026-12-06,42,48,7,29,False,inferred:allstar:unconfirmed
8,2026-12-07,2026-12-13,49,55,7,14,False,inferred:allstar:unconfirmed
9,2026-12-14,2026-12-20,56,62,7,55,False,inferred:allstar:unconfirmed
10,2026-12-21,2026-12-27,63,69,7,53,False,inferred:allstar:unconfirmed
11,2026-12-28,2027-01-03,70,76,7,52,False,inferred:allstar:unconfirmed
12,2027-01-04,2027-01-10,77,83,7,54,False,inferred:allstar:unconfirmed
13,2027-01-11,2027-01-17,84,90,7,52,False,inferred:allstar:unconfirmed
14,2027-01-18,2027-01-24,91,97,7,52,False,inferred:allstar:unconfirmed
15,2027-01-25,2027-01-31,98,104,7,54,False,inferred:allstar:unconfirmed
16,2027-02-01,2027-02-07,105,111,7,54,False,inferred:allstar:unconfirmed
17,2027-02-08,2027-02-14,112,118,7,53,False,inferred:allstar:unconfirmed
18,2027-02-15,2027-02-28,119,132,14,62,False,inferred:allstar:unconfirmed
19,2027-03-01,2027-03-07,133,139,7,49,False,inferred:allstar:unconfirmed
20,2027-03-08,2027-03-14,140,146,7,53,False,inferred:allstar:unconfirmed
21,2027-03-15,2027-03-21,147,153,7,52,False,inferred:allstar:unconfirmed
22,2027-03-22,2027-03-28,154,160,7,54,True,inferred:allstar:unconfirmed
23,2027-03-29,2027-04-04,161,167,7,55,True,inferred:allstar:unconfirmed
24,2027-04-05,2027-04-11,168,174,7,57,True,inferred:allstar:unconfirmed
