matchup_period,matchup_id,home_team_id,home_points,home_cat_w,home_cat_l,home_cat_t,away_team_id,away_points,away_cat_w,away_cat_l,away_cat_t,winner,playoff_tier
1,1,3,0.0,0,0,0,7,0.0,0,0,0,UNDECIDED,
1,2,1,0.0,0,0,0,5,0.0,0,0,0,UNDECIDED,
1,3,2,0.0,0,0,0,6,0.0,0,0,0,UNDECIDED,
1,4,8,0.0,0,0,0,4,0.0,0,0,0,UNDECIDED,
2,5,7,0.0,0,0,0,5,0.0,0,0,0,UNDECIDED,
2,6,1,0.0,0,0,0,3,0.0,0,0,0,UNDECIDED,
2,7,6,0.0,0,0,0,4,0.0,0,0,0,UNDECIDED,
2,8,8,0.0,0,0,0,2,0.0,0,0,0,UNDECIDED,
3,9,1,0.0,0,0,0,7,0.0,0,0,0,UNDECIDED,
3,10,5,0.0,0,0,0,3,0.0,0,0,0,UNDECIDED,
3,11,8,0.0,0,0,0,6,0.0,0,0,0,UNDECIDED,
3,12,4,0.0,0,0,0,2,0.0,0,0,0,UNDECIDED,
4,13,7,0.0,0,0,0,6,0.0,0,0,0,UNDECIDED,
4,14,3,0.0,0,0,0,2,0.0,0,0,0,UNDECIDED,
4,15,5,0.0,0,0,0,4,0.0,0,0,0,UNDECIDED,
4,16,1,0.0,0,0,0,8,0.0,0,0,0,UNDECIDED,
5,17,6,0.0,0,0,0,3,0.0,0,0,0,UNDECIDED,
5,18,2,0.0,0,0,0,5,0.0,0,0,0,UNDECIDED,
5,19,4,0.0,0,0,0,1,0.0,0,0,0,UNDECIDED,
5,20,8,0.0,0,0,0,7,0.0,0,0,0,UNDECIDED,
6,21,5,0.0,0,0,0,6,0.0,0,0,0,UNDECIDED,
6,22,1,0.0,0,0,0,2,0.0,0,0,0,UNDECIDED,
6,23,7,0.0,0,0,0,4,0.0,0,0,0,UNDECIDED,
6,24,3,0.0,0,0,0,8,0.0,0,0,0,UNDECIDED,
7,25,6,0.0,0,0,0,1,0.0,0,0,0,UNDECIDED,
7,26,2,0.0,0,0,0,7,0.0,0,0,0,UNDECIDED,
7,27,4,0.0,0,0,0,3,0.0,0,0,0,UNDECIDED,
7,28,8,0.0,0,0,0,5,0.0,0,0,0,UNDECIDED,
8,29,7,0.0,0,0,0,3,0.0,0,0,0,UNDECIDED,
8,30,5,0.0,0,0,0,1,0.0,0,0,0,UNDECIDED,
8,31,6,0.0,0,0,0,2,0.0,0,0,0,UNDECIDED,
8,32,4,0.0,0,0,0,8,0.0,0,0,0,UNDECIDED,
9,33,5,0.0,0,0,0,7,0.0,0,0,0,UNDECIDED,
9,34,3,0.0,0,0,0,1,0.0,0,0,0,UNDECIDED,
9,35,4,0.0,0,0,0,6,0.0,0,0,0,UNDECIDED,
9,36,2,0.0,0,0,0,8,0.0,0,0,0,UNDECIDED,
10,37,7,0.0,0,0,0,1,0.0,0,0,0,UNDECIDED,
10,38,3,0.0,0,0,0,5,0.0,0,0,0,UNDECIDED,
10,39,6,0.0,0,0,0,8,0.0,0,0,0,UNDECIDED,
10,40,2,0.0,0,0,0,4,0.0,0,0,0,UNDECIDED,
11,41,6,0.0,0,0,0,7,0.0,0,0,0,UNDECIDED,
11,42,2,0.0,0,0,0,3,0.0,0,0,0,UNDECIDED,
11,43,4,0.0,0,0,0,5,0.0,0,0,0,UNDECIDED,
11,44,8,0.0,0,0,0,1,0.0,0,0,0,UNDECIDED,
12,45,3,0.0,0,0,0,6,0.0,0,0,0,UNDECIDED,
12,46,5,0.0,0,0,0,2,0.0,0,0,0,UNDECIDED,
12,47,1,0.0,0,0,0,4,0.0,0,0,0,UNDECIDED,
12,48,7,0.0,0,0,0,8,0.0,0,0,0,UNDECIDED,
13,49,6,0.0,0,0,0,5,0.0,0,0,0,UNDECIDED,
13,50,2,0.0,0,0,0,1,0.0,0,0,0,UNDECIDED,
13,51,4,0.0,0,0,0,7,0.0,0,0,0,UNDECIDED,
13,52,8,0.0,0,0,0,3,0.0,0,0,0,UNDECIDED,
14,53,1,0.0,0,0,0,6,0.0,0,0,0,UNDECIDED,
14,54,7,0.0,0,0,0,2,0.0,0,0,0,UNDECIDED,
14,55,3,0.0,0,0,0,4,0.0,0,0,0,UNDECIDED,
14,56,5,0.0,0,0,0,8,0.0,0,0,0,UNDECIDED,
15,57,3,0.0,0,0,0,7,0.0,0,0,0,UNDECIDED,
15,58,1,0.0,0,0,0,5,0.0,0,0,0,UNDECIDED,
15,59,2,0.0,0,0,0,6,0.0,0,0,0,UNDECIDED,
15,60,8,0.0,0,0,0,4,0.0,0,0,0,UNDECIDED,
16,61,7,0.0,0,0,0,5,0.0,0,0,0,UNDECIDED,
16,62,1,0.0,0,0,0,3,0.0,0,0,0,UNDECIDED,
16,63,6,0.0,0,0,0,4,0.0,0,0,0,UNDECIDED,
16,64,8,0.0,0,0,0,2,0.0,0,0,0,UNDECIDED,
17,65,1,0.0,0,0,0,7,0.0,0,0,0,UNDECIDED,
17,66,5,0.0,0,0,0,3,0.0,0,0,0,UNDECIDED,
17,67,8,0.0,0,0,0,6,0.0,0,0,0,UNDECIDED,
17,68,4,0.0,0,0,0,2,0.0,0,0,0,UNDECIDED,
18,69,7,0.0,0,0,0,6,0.0,0,0,0,UNDECIDED,
18,70,3,0.0,0,0,0,2,0.0,0,0,0,UNDECIDED,
18,71,5,0.0,0,0,0,4,0.0,0,0,0,UNDECIDED,
18,72,1,0.0,0,0,0,8,0.0,0,0,0,UNDECIDED,
19,73,6,0.0,0,0,0,3,0.0,0,0,0,UNDECIDED,
19,74,2,0.0,0,0,0,5,0.0,0,0,0,UNDECIDED,
19,75,4,0.0,0,0,0,1,0.0,0,0,0,UNDECIDED,
19,76,8,0.0,0,0,0,7,0.0,0,0,0,UNDECIDED,
20,77,5,0.0,0,0,0,6,0.0,0,0,0,UNDECIDED,
20,78,1,0.0,0,0,0,2,0.0,0,0,0,UNDECIDED,
20,79,7,0.0,0,0,0,4,0.0,0,0,0,UNDECIDED,
20,80,3,0.0,0,0,0,8,0.0,0,0,0,UNDECIDED,
21,81,6,0.0,0,0,0,1,0.0,0,0,0,UNDECIDED,
21,82,2,0.0,0,0,0,7,0.0,0,0,0,UNDECIDED,
21,83,4,0.0,0,0,0,3,0.0,0,0,0,UNDECIDED,
21,84,8,0.0,0,0,0,5,0.0,0,0,0,UNDECIDED,
