published,headline,description,athlete_ids
2026-10-09T22:18:37Z,"Fantasy basketball draft guide: Rankings, mock drafts, sleepers, projections and analysis","We've got everything you need to help you prepare for and execute a successful draft, all in one place.",
2026-10-09T22:19:51Z,Fantasy basketball cheat sheet: All the names you need to know for your draft,All the names you need to know from our 2026-27 fantasy basketball draft guide on a printable PDF cheat sheet,
2026-10-09T21:16:09Z,Fantasy basketball H2H Roto and Category rankings: Who is No. 1?,"Updated fantasy basketball rankings for roto and category leagues, with Tyrese Haliburton and Kyrie Irving back after a missed season.",
2026-10-09T20:23:52Z,Houston Rockets vs. Dallas Mavericks: Game Highlights,Houston Rockets vs. Dallas Mavericks: Game Highlights,4433192;4432827;5279129;4432582;5041939
2026-10-09T20:22:42Z,Russell Westbrook wants to carry torch for L.A. Olympics,Retired NBA player and Olympic gold medal winner Russell Westbrook said he wants to carry the torch when his native Los Angeles hosts the 2028 Games.,
2026-10-09T22:10:42Z,"Fantasy basketball guide: Player rankings, schedule grid and draft tips","Here is all of our key fantasy basketball draft content -- rankings, sleepers, schedule grid and draft tips -- collected into downloadable/printable PDF cheat sheets.",
2026-10-09T18:26:48Z,Tyrese Haliburton hopes to mend fences with Damian Lillard,Tyrese Haliburton said he wishes his relationship with Damian Lillard could be repaired after the Pacers star stole Lillard's Dame Time celebration during the 2023 in-season tournament.,4396993;6606
2026-10-09T15:06:30Z,"'Very disrespectful!' Stephen A. slams James Dolan for tabling KAT, Hart contract talks","'Very disrespectful!' Stephen A. slams James Dolan for tabling KAT, Hart contract talks",3136195;3062679
2026-10-09T14:56:46Z,"NBA preseason buzz: Latest on trades, news and intel","The NBA regular season is just a few weeks away, and we're tracking all the news, deals, and trades across the league.",
2026-10-09T14:14:29Z,"Evan Cohen perplexed by Knicks tabling contract talks with KAT, Hart","Evan Cohen perplexed by Knicks tabling contract talks with KAT, Hart",3062679;3136195
2026-10-09T13:48:38Z,"Fantasy basketball points league rankings: Cade Cunningham, Jalen Johnson are first-rounders","Updated fantasy basketball rankings for points leagues, with Cade Cunningham and Jalen Johnson starting the season higher than ever before.",
2026-10-09T15:41:06Z,"Knicks tabling Karl-Anthony Towns, Josh Hart contract talks","The Knicks have said they are tabling contract extension talks with Karl-Anthony Towns and Josh Hart ""until later in the season and will remain solely focused on preparing for the start of the season.""",3136195;3062679
2026-10-09T11:39:06Z,"Jalen Duren, Pistons need each other -- for better or worse","After agreeing to a five-year, $200 million deal, how will Duren and Detroit move forward after a monthslong saga?",4433621;4432166
2026-10-09T10:32:11Z,How to ace your salary cap draft: Tips and strategies to build a winning team,Are you ready for your salary cap draft? Jim McCormick lays out helpful strategies and tactics you can use to ace draft day.,
2026-10-09T14:33:45Z,Sacramento Kings vs. Los Angeles Lakers: Game Highlights,Sacramento Kings vs. Los Angeles Lakers: Game Highlights,5106058;3064440;3945274;4278077;4431679;4279318
2026-10-09T05:27:05Z,76ers' Embiid calls 'not true' LeBron report 'unfortunate',"Joel Embiid said a recent report about LeBron James getting on him about being late to practice ""is not true"" and caused him to wonder why he was targeted.",3059318
2026-10-09T05:49:34Z,LeBron James scores 10 points in 18 minutes in 76ers debut,"LeBron James, who joined the 76ers this summer, had 10 points, five assists and four rebounds in the first half of his debut with Philadelphia.",1966
2026-10-09T03:37:32Z,Atlanta Hawks vs. San Antonio Spurs: Game Highlights,Atlanta Hawks vs. San Antonio Spurs: Game Highlights,5037871;4278039;4873201;2490149;4845367;3146557
2026-10-09T03:05:35Z,Philadelphia 76ers vs. Brooklyn Nets: Game Highlights,Philadelphia 76ers vs. Brooklyn Nets: Game Highlights,5175643;3064514;3917376;4702670
2026-10-09T02:36:07Z,Washington Wizards vs. New York Knicks: Game Highlights,Washington Wizards vs. New York Knicks: Game Highlights,3934672;3914044;6583;4065670
2026-10-09T02:14:48Z,New Orleans Pelicans vs. Miami Heat: Game Highlights,New Orleans Pelicans vs. Miami Heat: Game Highlights,3032977;4277956;4431772;5061589
2026-10-09T01:51:19Z,Boston Celtics vs. Cleveland Cavaliers: Game Highlights,Boston Celtics vs. Cleveland Cavaliers: Game Highlights,4683747;4593841;4277951;5041951
2026-10-08T20:47:07Z,"Tyrese Maxey, Jaylen Brown, VJ Edgecombe make 'Abbott Elementary' cameos","""Abbott Elementary"" continues to embrace Philadelphia sports culture with its latest instance starring the 76ers.",3917376;4431678;5124612;1966
2026-10-08T20:15:04Z,Sources: 76ers plan to play starters in preseason game vs. Nets,"The 76ers plan to play their starters Thursday against the Nets, sources told ESPN.",3059318;1966;4431678;3917376;5124612
2026-10-09T01:20:36Z,Fantasy basketball: Category league draft tiers,Eric Moody groups players into tiers by each position for category-based leagues.,
2026-10-08T19:08:57Z,Haliburton tells McAfee he feels 'great' after return to court,Haliburton tells McAfee he feels 'great' after return to court,4396993;12689
2026-10-08T18:51:37Z,Fantasy basketball: Points league draft tiers,Eric Moody groups players into tiers by each position for points leagues.,
2026-10-08T13:24:48Z,"Rockets, Mavs take China: Highlights, top scenes from off the court",The top sights and sounds from the Dallas Mavericks and Houston Rockets' preseason trip to China.,
2026-10-08T16:39:12Z,What does your NBA team need? The biggest hole on all 30 rosters,"Every NBA team is missing something, even the leading title contenders.",
2026-10-08T12:40:22Z,The Warriors need Yaxel Lendeborg's fast-tracked development,The Golden State Warriors have high hopes for the No. 11 pick after several failed lottery picks.,5175737;3975
2026-10-08T13:55:02Z,Fantasy basketball: André Snellings' Ultimate Draft Board,"André Snellings crunches the numbers, factors in average draft position and highlights the best spots to draft key players throughout your fantasy basketball draft.",3112335;5104157;3032977;4594268;4065648;3908809;4277905;4871145;4396993;5041939;3155942;4871144;4684740;3202;4432816;3992;6583;4066457;3078576;4683021;3147657;4278039;4869342;4396971;4433136;4065733;4017837;4251;5105623;5142620;4437244
2026-10-08T12:17:49Z,"NBA, FIBA say Europe push to continue without EuroLeague",The NBA and FIBA say they are undeterred in moving forward with the NBA Europe plan after EuroLeague's team owners rejected a merger offer this week.,
2026-10-08T05:05:47Z,Golden State Warriors vs. Portland Trail Blazers: Game Highlights,Golden State Warriors vs. Portland Trail Blazers: Game Highlights,4683021;4279888;4696317;4066399;6606
2026-10-08T11:14:47Z,Tyrese Haliburton scores 7 in 1st game in more than 16 months,"Pacers star Tyrese Haliburton scored seven points during his 16 minutes of action against the Wolves on Wednesday. It was his first game in more than 16 months, as Haliburton was recovering from a torn Achilles.",4396993
2026-10-08T03:30:26Z,Phoenix Suns vs. Chicago Bulls: Game Highlights,Phoenix Suns vs. Chicago Bulls: Game Highlights,5095151;4431687;3155526
2026-10-08T03:33:27Z,Milwaukee Bucks vs. Oklahoma City Thunder: Game Highlights,Milwaukee Bucks vs. Oklahoma City Thunder: Game Highlights,4432848;3133628;5174983;4397114
2026-10-08T03:33:45Z,Orlando Magic vs. Memphis Grizzlies: Game Highlights,Orlando Magic vs. Memphis Grizzlies: Game Highlights,4278572;4702382;4065733;4278075;4566434;4277847
2026-10-08T01:49:43Z,Minnesota Timberwolves vs. Indiana Pacers: Game Highlights,Minnesota Timberwolves vs. Indiana Pacers: Game Highlights,4592829;5106060;4433247;4895758;4594268
2026-10-07T23:29:41Z,Buss siblings formally file against Jeanie over Lakers sale,The five Buss siblings attempting to sell the family's remaining shares in the Lakers officially filed their case against acting governor Jeanie Buss.,
2026-10-08T11:15:04Z,Trail Blazers' Dundon says he intends to bring title to Portland,New Trail Blazers owner Tom Dundon told season-ticket holders he intends to bring a championship to Portland.,
2026-10-07T20:06:02Z,Why Danny Green doesn't see Kyrie Irving staying in Dallas the entire season,Why Danny Green doesn't see Kyrie Irving staying in Dallas the entire season,6442
2026-10-08T00:01:26Z,Mike Breen apologizes after LeBron James disputes Embiid story,"Broadcaster Mike Breen apologized Wednesday for the reaction to a story he shared about LeBron James calling out Joel Embiid for showing up late, a story James has since disputed.",1966;3059318
2026-10-07T11:06:36Z,United grind out much needed win,Melbourne United survive a late surge from the Adelaide 36ers in their 96-91 win on the road in the NBL Ignite Cup.,
2026-10-07T14:18:28Z,"Basketball Power Index: NBA projections, playoff chances for 2026-27 season","ESPN's Basketball Power Index projections for the 2026-27 NBA season are out, including a ranking of all 30 teams.",
2026-10-07T04:43:54Z,Los Angeles Lakers vs. Golden State Warriors: Game Highlights,Los Angeles Lakers vs. Golden State Warriors: Game Highlights,4397886;5175737;5060631;4397040;4278580
2026-10-07T04:22:20Z,Denver Nuggets vs. Utah Jazz: Game Highlights,Denver Nuggets vs. Utah Jazz: Game Highlights,3064290;4698719;5041955;4683766;4065663
2026-10-07T03:44:48Z,New Orleans Pelicans vs. Oklahoma City Thunder: Game Highlights,New Orleans Pelicans vs. Oklahoma City Thunder: Game Highlights,5116468;4683634;5241364;4997538;4395628
2026-10-07T02:23:46Z,Adam Silver discusses NBA's plans in Europe,Adam Silver discusses NBA's plans in Europe,
2026-10-07T02:34:37Z,Sources: EuroLeague teams reject offer to merge into NBA Europe,"Members of the EuroLeague rejected a formal offer from the NBA this week to merge and create a single NBA Europe operation, sources told ESPN.",
2026-10-07T02:16:20Z,Brooklyn Nets vs. Charlotte Hornets: Game Highlights,Brooklyn Nets vs. Charlotte Hornets: Game Highlights,4278104;3064514;5239590;4897504
