player_id,name,dob,age,experience_years,debut_year
1966,LeBron James,1984-12-30,41,24,2003
2490149,CJ McCollum,1991-09-19,35,14,2013
2528210,Tim Hardaway Jr.,1992-03-16,34,13,2013
2530530,T.J. McConnell,1992-03-25,34,12,2015
2580365,Larry Nance Jr.,1993-01-01,33,12,2015
2581018,Kentavious Caldwell-Pope,1993-02-18,33,14,2013
2583632,Royce O'Neale,1993-06-05,33,10,2017
2595516,Norman Powell,1993-05-25,33,12,2015
2596112,Javonte Green,1993-07-23,33,7,2019
2990984,Buddy Hield,1992-12-17,33,12,2016
2990992,Marcus Smart,1994-03-06,32,13,2014
2991043,Caris LeVert,1994-08-25,32,11,2016
2991070,Jerami Grant,1994-03-12,32,13,2014
2991139,Kris Dunn,1994-03-18,32,11,2016
2991230,Fred VanVleet,1994-02-25,32,9,2016
2991350,Alex Caruso,1994-02-28,32,10,2017
3032976,Rudy Gobert,1992-06-26,34,14,2013
3032977,Giannis Antetokounmpo,1994-12-06,31,13,2013
3032979,Dennis Schroder,1993-09-15,33,14,2013
3059318,Joel Embiid,1994-03-16,32,11,2016
3059319,Andrew Wiggins,1995-02-23,31,12,2014
3062679,Josh Hart,1995-03-06,31,10,2017
3064290,Aaron Gordon,1995-09-16,31,13,2014
3064440,Zach LaVine,1995-03-10,31,13,2014
3064482,Bobby Portis,1995-02-10,31,11,2015
3064514,Julius Randle,1994-11-29,31,13,2014
3078576,Derrick White,1994-07-02,32,10,2017
3102530,Jusuf Nurkic,1994-08-23,32,13,2014
3102531,Kristaps Porzingis,1995-08-02,31,12,2015
3112335,Nikola Jokic,1995-02-19,31,12,2015
3133602,Svi Mykhailiuk,1997-06-10,29,9,2018
3133603,Kelly Oubre Jr.,1995-12-09,30,12,2015
3133628,Myles Turner,1996-03-24,30,12,2015
3134903,Gary Payton II,1992-12-01,33,11,2016
3134907,Kyle Kuzma,1995-07-24,31,10,2017
3134908,Jakob Poeltl,1995-10-15,30,10,2016
3134932,John Konchar,1996-03-22,30,8,2019
3135045,Grayson Allen,1995-10-08,30,9,2018
3136193,Devin Booker,1996-10-30,29,12,2015
3136195,Karl-Anthony Towns,1995-11-15,30,12,2015
3138196,Cameron Johnson,1996-03-03,30,8,2019
3146557,Jock Landale,1995-10-25,30,6,
3147657,Mikal Bridges,1996-08-30,30,9,2018
3149673,Pascal Siakam,1994-04-02,32,11,2016
3155526,Dillon Brooks,1996-01-22,30,10,2017
3155942,Domantas Sabonis,1996-05-03,30,11,2016
3157465,Duncan Robinson,1994-04-22,32,9,2018
3202,Kevin Durant,1988-09-29,38,20,2007
3213,Al Horford,1986-06-03,40,20,2007
3448,Brook Lopez,1988-04-01,38,19,2008
3468,Russell Westbrook,1988-11-12,37,18,2008
3907387,Ben Simmons,1996-07-20,30,10,2017
3907497,Dejounte Murray,1996-09-19,30,10,2016
3907498,Matisse Thybulle,1997-03-04,29,8,2019
3908809,Donovan Mitchell,1996-09-07,30,10,2017
3908845,John Collins,1997-09-23,29,10,2017
3913174,Luke Kennard,1996-06-24,30,10,2017
3913176,Brandon Ingram,1997-09-02,29,11,2016
3917376,Jaylen Brown,1996-10-24,29,11,2016
3934672,Jalen Brunson,1996-08-31,30,9,2018
3934673,Donte DiVincenzo,1997-01-31,29,9,2018
3934719,OG Anunoby,1997-07-17,29,10,2017
3936099,Derrick Jones Jr.,1997-02-15,29,11,2016
3936299,Jamal Murray,1997-02-23,29,10,2016
3945274,Luka Doncic,1999-02-28,27,9,2018
3975,Stephen Curry,1988-03-14,38,18,2009
3978,DeMar DeRozan,1989-08-07,37,18,2009
3992,James Harden,1989-08-26,37,18,2009
3995,Jrue Holiday,1990-06-12,36,18,2009
4017837,Ivica Zubac,1997-03-18,29,11,2016
4065648,Jayson Tatum,1998-03-03,28,10,2017
4065670,Bruce Brown,1996-08-15,30,9,2018
4065731,Jay Huff,1997-08-25,29,5,
4065732,De'Andre Hunter,1997-12-02,28,8,2019
4065733,Ty Jerome,1997-07-08,29,8,2019
4065778,Max Strus,1996-03-28,30,8,2019
4065804,Sam Hauser,1997-12-08,28,6,
4066211,Robert Williams III,1997-10-17,28,9,2018
4066259,De'Aaron Fox,1997-12-20,28,10,2017
4066261,Bam Adebayo,1997-07-18,29,9,2017
4066262,Malik Monk,1998-02-04,28,10,2017
4066320,Desmond Bane,1998-06-25,28,7,2020
4066328,Jarrett Allen,1998-04-21,28,10,
4066336,Lauri Markkanen,1997-05-22,29,10,2017
4066354,Payton Pritchard,1998-01-28,28,7,2020
4066372,Kevin Huerter,1998-08-27,28,9,2018
4066383,Miles Bridges,1998-03-21,28,8,2018
4066399,Micah Potter,1998-04-06,28,6,
4066436,De'Anthony Melton,1998-05-28,28,9,2018
4066457,Austin Reaves,1998-05-29,28,6,
4066648,Rui Hachimura,1998-02-08,28,8,2019
4066757,Sam Merrill,1996-05-15,30,7,2020
4066993,Dru Smith,1997-12-30,28,4,
4222252,Isaiah Hartenstein,1998-05-05,28,9,2018
4251,Paul George,1990-05-02,36,17,2010
4277811,Collin Sexton,1999-01-04,27,9,2018
4277813,Herbert Jones,1998-10-06,27,6,
4277847,Wendell Carter Jr.,1999-04-16,27,9,2018
4277848,Marvin Bagley III,1999-03-14,27,9,2018
4277869,Jose Alvarado,1998-04-12,28,6,
4277905,Trae Young,1998-09-19,28,9,2018
4277951,Luka Garza,1998-12-27,27,6,
4277956,Jordan Poole,1999-06-19,27,8,2019
4277961,Jaren Jackson Jr.,1999-09-15,27,9,2018
4278039,Nickeil Alexander-Walker,1998-09-02,28,8,2019
4278049,Daniel Gafford,1998-10-01,28,8,2019
4278053,Davion Mitchell,1998-09-05,28,5,
4278067,Nic Claxton,1999-04-17,27,8,2019
4278073,Shai Gilgeous-Alexander,1998-07-12,28,9,2018
4278078,P.J. Washington,1998-08-23,28,8,2019
4278104,Michael Porter Jr.,1998-06-29,28,8,2019
4278129,Deandre Ayton,1998-07-23,28,9,2018
4278355,Obi Toppin,1998-03-04,28,7,2020
4278402,Jordan Goodwin,1998-10-23,27,6,
4278562,Paul Reed,1999-06-14,27,7,2020
4278580,Sandro Mamukelashvili,1999-05-23,27,6,
4278585,Collin Gillespie,1999-06-25,27,4,
4278594,Naji Marshall,1998-01-24,28,7,2020
4279318,Daeqwon Plowden,1998-08-29,28,3,
4279888,Ja Morant,1999-08-10,27,8,2019
4351851,Anfernee Simons,1999-06-08,27,9,2018
4351852,Mitchell Robinson,1998-04-01,28,9,2018
4395625,RJ Barrett,2000-06-14,26,7,2019
4395626,Tre Jones,2000-01-08,26,7,2020
4395628,Zion Williamson,2000-07-06,26,7,2019
4395630,Devin Vassell,2000-08-23,26,7,2020
4395651,Coby White,2000-02-16,26,8,2019
4395702,Isaiah Joe,1999-07-02,27,7,2020
4395712,Andrew Nembhard,2000-01-16,26,5,
4395723,Keldon Johnson,1999-10-11,26,8,2019
4395724,Immanuel Quickley,1999-06-17,27,6,2020
4395725,Tyler Herro,2000-01-20,26,8,2019
4396818,Jordan Miller,2000-01-23,26,4,
4396907,Darius Garland,2000-01-26,26,8,2019
4396909,Aaron Nesmith,1999-10-16,26,7,2020
4396971,Naz Reid,1999-08-26,27,8,2019
4396993,Tyrese Haliburton,2000-02-29,26,7,2020
4397002,Ayo Dosunmu,2000-01-17,26,6,
4397014,Quentin Grimes,2000-05-08,26,6,
4397020,Luguentz Dort,1999-04-19,27,8,2019
4397040,Brandon Williams,1999-11-22,26,5,
4397136,Saddiq Bey,1999-04-09,27,6,2020
4397140,Kevin Porter Jr.,2000-05-04,26,7,2019
4397183,Aaron Wiggins,1999-01-02,27,6,
4397189,Jalen Smith,2000-03-16,26,7,2020
4397424,Neemias Queta,1999-07-13,27,6,
4397475,AJ Green,1999-09-27,27,5,
4397688,Trey Murphy III,2000-06-18,26,6,
4431671,Jaden McDaniels,2000-09-29,26,7,2020
4431678,Tyrese Maxey,2000-11-04,25,7,2020
4431679,Precious Achiuwa,1999-09-19,27,7,2020
4431680,Onyeka Okongwu,2000-12-11,25,7,2020
4431736,Toumani Camara,2000-05-08,26,4,
4431767,Christian Braun,2001-04-17,25,5,
4431785,Scotty Pippen Jr.,2000-11-10,25,5,
4431823,Miles McBride,2000-09-08,26,6,
4432158,Evan Mobley,2001-06-18,25,6,
4432165,Jalen Suggs,2001-06-03,25,6,
4432166,Cade Cunningham,2001-09-25,25,6,
4432170,Isaiah Jackson,2002-01-10,24,6,
4432171,Moses Moody,2002-05-31,24,6,
4432194,Day'Ron Sharpe,2001-11-06,24,6,
4432241,Jamal Shead,2002-07-24,24,2,
4432573,Paolo Banchero,2002-11-12,23,5,
4432582,Max Christie,2003-02-10,23,5,
4432639,Jabari Smith Jr.,2003-05-13,23,5,
4432810,Isaiah Stewart,2001-05-22,25,7,2020
4432816,LaMelo Ball,2001-08-22,25,7,2020
4432823,Jaylin Williams,2002-06-29,24,5,
4432827,Oscar Tshiebwe,1999-11-27,26,4,
4432847,Terrence Shannon Jr.,2000-07-30,26,3,
4432848,Jaime Jaquez Jr.,2001-02-18,25,4,
4432907,Justin Champagnie,2001-06-29,25,6,
4433083,Cam Spencer,2000-04-06,26,3,
4433134,Scottie Barnes,2001-08-01,25,5,
4433136,Walker Kessler,2001-07-26,25,5,
4433137,Ziaire Williams,2001-09-12,25,6,
4433174,Dylan Cardwell,2001-12-16,24,2,
4433192,Tari Eason,2001-05-10,25,5,
4433218,Jaden Ivey,2002-02-13,24,3,
4433247,Jonathan Kuminga,2002-10-06,23,5,
4433249,Moussa Diabate,2002-01-21,24,5,
4433255,Chet Holmgren,2002-05-01,24,4,
4433287,Brandon Miller,2002-11-22,23,4,
4433621,Jalen Duren,2003-11-18,22,5,
4433627,Keyonte George,2003-11-08,22,4,
4437244,Jalen Green,2002-02-09,24,6,
4566434,Franz Wagner,2001-08-27,25,6,
4576060,Ryan Kalkbrenner,2002-01-17,24,2,
4576086,Bryce McGowens,2002-11-08,23,5,
4576087,Peyton Watson,2002-09-11,24,5,
4578893,Vit Krejci,2000-06-19,26,6,2020
4591725,Ryan Rollins,2002-07-03,24,5,
4592479,Julian Champagnie,2001-06-29,25,5,
4592492,Bones Hyland,2000-09-14,26,6,
4592691,Jake LaRavia,2001-11-03,24,5,
4592829,Quenton Jackson,1998-09-15,28,5,
4593125,Santi Aldama,2001-01-10,25,6,
4593803,Jalen Williams,2001-04-14,25,5,
4593841,Baylor Scheierman,2000-09-26,26,3,
4594268,Anthony Edwards,2001-08-05,25,7,2020
4594327,Keegan Murray,2000-08-19,26,5,
4595400,Olivier-Maxence Prosper,2002-07-03,24,4,
4600663,Zach Edey,2002-03-14,24,3,
4601023,Oso Ighodaro,2002-07-14,24,3,
4601025,Pelle Larsson,2001-02-23,25,2,
4610139,Jeremy Sochan,2003-05-20,23,5,
4683021,Deni Avdija,2001-01-03,25,7,2020
4683634,Bennedict Mathurin,2002-06-19,24,5,
4683678,Scoot Henderson,2004-02-03,22,4,
4683688,Dereck Lively II,2004-02-12,22,4,
4683689,Jordan Walsh,2004-03-03,22,4,
4683692,Cason Wallace,2003-11-07,22,4,
4683742,Julian Reese,2003-06-30,23,2,
4683747,Jaylon Tyson,2002-12-02,23,3,
4683766,Isaiah Collier,2004-10-08,21,3,
4683778,Jared McCain,2004-02-20,22,3,
4684272,Ja'Kobe Walter,2004-09-04,22,2,
4684740,Amen Thompson,2003-01-30,23,4,
4684742,Ausar Thompson,2003-01-30,23,4,
4684793,Kyle Filipowski,2003-11-07,22,3,
4687718,Josh Minott,2002-11-25,23,5,
4701230,Jalen Johnson,2001-12-18,24,6,
4701232,Mark Williams,2001-12-16,24,5,
4702177,Keon Ellis,2000-01-08,26,5,
4702352,Kobe Sanders,2002-05-30,24,2,
4702382,Tristan da Silva,2001-05-15,25,3,
4702384,Nique Clifford,2002-02-09,24,2,
4709138,Brandin Podziemski,2003-02-25,23,4,
4711272,Reed Sheppard,2004-06-24,22,3,
4711294,Matas Buzelis,2004-10-13,21,3,
4712849,Anthony Black,2004-01-20,22,4,
4781746,Javon Small,2002-12-19,23,2,
4845367,Stephon Castle,2004-11-01,21,3,
4845374,Bub Carrington,2005-07-21,21,3,
4869342,Dyson Daniels,2003-03-17,23,5,
4869780,Derik Queen,2004-12-27,21,2,
4870562,Dominick Barlow,2003-05-26,23,5,
4871144,Alperen Sengun,2002-07-25,24,6,
4871145,Josh Giddey,2002-10-10,23,6,
4873138,Ace Bailey,2006-08-13,20,2,
4873153,Morez Johnson Jr.,2006-01-25,20,0,
4896372,Walter Clayton Jr.,2003-03-06,23,2,
4898371,Maxime Raynaud,2003-04-07,23,2,
4900671,Ajay Mitchell,2002-06-25,24,3,
4903027,Cedric Coward,2003-09-11,23,2,
4914336,Shaedon Sharpe,2003-05-30,23,5,
4997536,Gui Santos,2002-06-22,24,4,
4997537,Tristan Vukcevic,2003-03-11,23,4,
5037871,Dylan Harper,2006-03-02,20,2,
5041935,Cameron Boozer,2007-07-18,19,0,
5041939,Cooper Flagg,2006-12-21,19,2,
5041955,Darryn Peterson,2007-01-17,19,0,
5061575,Kon Knueppel,2005-08-03,21,2,
5061589,Yves Missi,2004-05-14,22,3,
5082206,Brayden Burries,2005-09-18,21,0,
5093267,Collin Murray-Boyles,2005-06-10,21,1,
5095151,Caleb Wilson,2006-07-18,20,0,
5101761,Mikel Brown Jr.,2006-04-03,20,0,
5104155,Bilal Coulibaly,2004-07-26,22,4,
5104157,Victor Wembanyama,2004-01-04,22,4,
5105550,GG Jackson,2004-12-17,21,4,
5105565,Donovan Clingan,2004-02-23,22,3,
5105623,Kel'el Ware,2004-04-20,22,3,
5105839,Brice Sensabaugh,2003-10-30,22,4,
5106060,Jarace Walker,2003-09-04,23,4,
5106258,Gradey Dick,2003-11-20,22,4,
5107173,Danny Wolf,2004-05-05,22,2,
5107199,Daniss Jenkins,2001-08-17,25,3,
5112087,Jaylen Wells,2003-08-26,23,3,
5124612,VJ Edgecombe,2005-07-30,21,2,
5142620,Darius Acuff Jr.,2006-11-16,19,0,
5142718,AJ Dybantsa,2007-01-29,19,0,
5144091,Jeremiah Fears,2006-10-14,19,2,
5144126,Will Riley,2006-02-10,20,2,
5149077,Kingston Flemings,2007-01-03,19,0,
5160992,Alex Sarr,2005-04-26,21,3,
5174563,Kyshawn George,2003-12-12,22,3,
5175643,Egor Demin,2006-03-03,20,2,
5175737,Yaxel Lendeborg,2002-09-30,24,0,
5203685,Khaman Maluach,2006-09-14,20,2,
5211175,Zaccharie Risacher,2005-04-08,21,3,
5214640,Kasparas Jakucionis,2006-05-29,20,2,
5238230,Tre Johnson,2006-03-07,20,2,
5254165,Keaton Wagler,2007-02-03,19,0,
5279130,Nolan Traore,2006-05-28,20,2,
5281370,Hannes Steinbach,2006-05-01,20,0,
6430,Jimmy Butler III,1989-09-14,37,16,2011
6440,Tobias Harris,1992-07-15,34,16,2011
6442,Kyrie Irving,1992-03-23,34,15,2011
6450,Kawhi Leonard,1991-06-29,35,15,2011
6475,Klay Thompson,1990-02-08,36,15,2011
6477,Jonas Valanciunas,1992-05-06,34,13,2012
6478,Nikola Vucevic,1990-10-24,35,16,2011
6578,Harrison Barnes,1992-05-30,34,15,2012
6580,Bradley Beal,1993-06-28,33,15,2012
6583,Anthony Davis,1993-03-11,33,15,2012
6585,Andre Drummond,1993-08-10,33,15,2012
6589,Draymond Green,1990-03-04,36,15,2012
6606,Damian Lillard,1990-07-15,36,15,2012
6609,Khris Middleton,1991-08-12,35,15,2012
