team_id,player_id,name,slot,pos,eligible,pro_team,injury_status,acquisition_type,acquired_ct,keeper_value,keeper_value_future,lineup_locked
1,4432166,Cade Cunningham,PG,PG,PG,DET,NORMAL,DRAFT,2025-10-18T16:19-05:00,1,0,False
1,3945274,Luka Doncic,IR,PG,PG,LAL,NORMAL,DRAFT,2025-10-18T16:19-05:00,2,0,False
1,3136195,Karl-Anthony Towns,BE,C,C,NYK,NORMAL,DRAFT,2025-10-18T16:19-05:00,3,0,False
1,4432158,Evan Mobley,BE,PF,PF/C,CLE,NORMAL,DRAFT,2025-10-18T16:19-05:00,4,0,False
1,3149673,Pascal Siakam,IR,PF,PF,IND,NORMAL,DRAFT,2025-10-18T16:19-05:00,5,0,False
1,4433134,Scottie Barnes,SG,SF,SG/SF,TOR,NORMAL,DRAFT,2025-10-18T16:19-05:00,6,0,False
1,4066336,Lauri Markkanen,IR,PF,SF/PF,UTA,NORMAL,DRAFT,2025-10-18T16:19-05:00,9,0,False
1,4433621,Jalen Duren,BE,C,C,DET,NORMAL,DRAFT,2025-10-18T16:19-05:00,10,0,False
1,4222252,Isaiah Hartenstein,BE,C,C,OKC,NORMAL,DRAFT,2025-10-18T16:19-05:00,12,0,False
1,4432639,Jabari Smith Jr.,F,PF,PF/C,HOU,NORMAL,ADD,2025-11-29T15:30-06:00,0,0,False
1,4432848,Jaime Jaquez Jr.,SF,SF,SG/SF,MIL,NORMAL,ADD,2025-12-29T17:36-06:00,0,0,False
1,4397136,Saddiq Bey,BE,SF,SF/PF,NOP,NORMAL,ADD,2026-02-01T16:22-06:00,0,0,False
1,4278129,Deandre Ayton,C,C,C,WAS,NORMAL,ADD,2026-03-14T02:48-05:00,0,0,False
1,4711294,Matas Buzelis,IR,SF,SF/PF,CHI,NORMAL,ADD,2026-03-18T05:53-05:00,0,0,False
1,4709138,Brandin Podziemski,G,SG,PG/SG,GSW,NORMAL,ADD,2026-03-31T23:49-05:00,0,0,False
1,4701232,Mark Williams,UT,C,C,PHO,NORMAL,ADD,2026-04-10T16:58-05:00,0,0,False
2,4433255,Chet Holmgren,BE,C,PF/C,OKC,NORMAL,DRAFT,2025-10-18T16:19-05:00,1,0,False
2,3975,Stephen Curry,PG,PG,PG,GSW,NORMAL,DRAFT,2025-10-18T16:19-05:00,2,0,False
2,3992,James Harden,SG,PG,PG/SG,CLE,NORMAL,DRAFT,2025-10-18T16:19-05:00,3,0,False
2,4395628,Zion Williamson,F,PF,PF/C,NOP,NORMAL,DRAFT,2025-10-18T16:19-05:00,4,0,False
2,5041939,Cooper Flagg,SF,SF,SF/PF,DAL,NORMAL,DRAFT,2025-10-18T16:19-05:00,5,0,False
2,3202,Kevin Durant,PF,PF,SF/PF,HOU,NORMAL,DRAFT,2025-10-18T16:19-05:00,6,0,False
2,4066457,Austin Reaves,G,SG,PG/SG,LAL,NORMAL,DRAFT,2025-10-18T16:19-05:00,7,0,False
2,3064514,Julius Randle,BE,PF,PF,BKN,NORMAL,DRAFT,2025-10-18T16:19-05:00,10,0,False
2,3032976,Rudy Gobert,BE,C,C,MIN,NORMAL,DRAFT,2025-10-18T16:19-05:00,11,0,False
2,3913176,Brandon Ingram,UT,SF,SF/PF,LAC,NORMAL,DRAFT,2025-10-18T16:19-05:00,12,0,False
2,5105565,Donovan Clingan,UT,C,C,POR,NORMAL,DRAFT,2025-10-18T16:19-05:00,13,0,False
2,4431671,Jaden McDaniels,BE,SF,SF/PF,MIN,NORMAL,ADD,2025-10-28T18:03-05:00,0,0,False
2,4869780,Derik Queen,C,C,PF/C,NOP,NORMAL,ADD,2025-12-03T21:01-06:00,0,0,False
2,4683634,Bennedict Mathurin,UT,SF,SG/SF,NOP,NORMAL,ADD,2026-02-26T08:06-06:00,0,0,False
3,4871145,Josh Giddey,G,PG,PG/SG,CHI,NORMAL,DRAFT,2025-10-18T16:19-05:00,1,0,False
3,3155942,Domantas Sabonis,PF,C,PF/C,SAC,NORMAL,DRAFT,2025-10-18T16:19-05:00,2,0,False
3,3917376,Jaylen Brown,SF,SF,SG/SF,PHL,NORMAL,DRAFT,2025-10-18T16:19-05:00,3,0,False
3,3032977,Giannis Antetokounmpo,F,PF,PF/C,MIA,NORMAL,DRAFT,2025-10-18T16:19-05:00,4,0,False
3,4432816,LaMelo Ball,UT,PG,PG,MIN,NORMAL,DRAFT,2025-10-18T16:19-05:00,5,0,False
3,4395725,Tyler Herro,SG,SG,PG/SG,MIL,NORMAL,DRAFT,2025-10-18T16:19-05:00,10,0,False
3,4431680,Onyeka Okongwu,C,C,C,ATL,NORMAL,DRAFT,2025-10-18T16:19-05:00,11,0,False
3,4278039,Nickeil Alexander-Walker,BE,SG,PG/SG,ATL,NORMAL,ADD,2025-12-27T09:51-06:00,0,0,False
3,5037871,Dylan Harper,PG,PG,PG/SG,SAS,NORMAL,ADD,2026-04-08T07:17-05:00,0,0,False
3,6583,Anthony Davis,BE,C,PF/C,WAS,NORMAL,ADD,2026-04-12T11:05-05:00,0,0,False
3,6442,Kyrie Irving,BE,PG,PG,DAL,NORMAL,ADD,2026-04-12T11:05-05:00,0,0,False
4,5104157,Victor Wembanyama,C,C,C,SAS,NORMAL,DRAFT,2025-10-18T16:19-05:00,1,0,False
4,3908809,Donovan Mitchell,UT,SG,PG/SG,CLE,NORMAL,DRAFT,2025-10-18T16:19-05:00,2,0,False
4,3064440,Zach LaVine,UT,SG,SG/SF,SAC,NORMAL,DRAFT,2025-10-18T16:19-05:00,3,0,False
4,3934672,Jalen Brunson,BE,PG,PG,NYK,NORMAL,DRAFT,2025-10-18T16:19-05:00,4,0,False
4,3078576,Derrick White,BE,SG,PG/SG,BOS,NORMAL,DRAFT,2025-10-18T16:19-05:00,5,0,False
4,4277961,Jaren Jackson Jr.,BE,C,PF/C,UTA,NORMAL,DRAFT,2025-10-18T16:19-05:00,6,0,False
4,6450,Kawhi Leonard,BE,SF,SF/PF,TOR,NORMAL,DRAFT,2025-10-18T16:19-05:00,7,0,False
4,4066328,Jarrett Allen,BE,C,C,CLE,NORMAL,DRAFT,2025-10-18T16:19-05:00,8,0,False
4,4066383,Miles Bridges,PF,SF,SF/PF,PHO,NORMAL,DRAFT,2025-10-18T16:19-05:00,9,0,False
4,2490149,CJ McCollum,BE,SG,PG/SG,ATL,NORMAL,DRAFT,2025-10-18T16:19-05:00,10,0,False
4,2595516,Norman Powell,SF,SG,SG/SF,CHI,NORMAL,DRAFT,2025-10-18T16:19-05:00,13,0,False
4,4845367,Stephon Castle,G,PG,PG/SG,SAS,NORMAL,DRAFT,2025-10-18T16:19-05:00,14,0,False
4,4869342,Dyson Daniels,BE,SG,PG/SG,ATL,NORMAL,ADD,2025-11-01T16:53-05:00,0,0,False
4,3936099,Derrick Jones Jr.,F,SF,SF/PF,LAC,NORMAL,ADD,2025-11-05T19:38-06:00,0,0,False
5,4277905,Trae Young,IR,PG,PG,WAS,NORMAL,DRAFT,2025-10-18T16:19-05:00,1,0,False
5,4066261,Bam Adebayo,C,C,PF/C,MIA,NORMAL,DRAFT,2025-10-18T16:19-05:00,2,0,False
5,4397688,Trey Murphy III,IR,SF,SG/SF,NOP,NORMAL,DRAFT,2025-10-18T16:19-05:00,3,0,False
5,4066259,De'Aaron Fox,PG,PG,PG/SG,SAS,NORMAL,DRAFT,2025-10-18T16:19-05:00,4,0,False
5,4871144,Alperen Sengun,BE,C,C,HOU,NORMAL,DRAFT,2025-10-18T16:19-05:00,6,0,False
5,3978,DeMar DeRozan,IR,SF,SF/PF,DEN,NORMAL,DRAFT,2025-10-18T16:19-05:00,7,0,False
5,3062679,Josh Hart,BE,SF,SG/SF,NYK,NORMAL,DRAFT,2025-10-18T16:19-05:00,8,0,False
5,4065648,Jayson Tatum,BE,PF,SF/PF,BOS,NORMAL,DRAFT,2025-10-18T16:19-05:00,11,0,False
5,4396907,Darius Garland,UT,PG,PG,LAC,NORMAL,ADD,2025-10-18T16:21-05:00,0,0,False
5,5124612,VJ Edgecombe,G,SG,SG,PHL,NORMAL,ADD,2025-10-22T11:17-05:00,0,0,False
5,5061575,Kon Knueppel,SG,SF,SG/SF,CHA,NORMAL,ADD,2025-11-12T20:38-06:00,0,0,False
5,3907497,Dejounte Murray,IR,SG,PG/SG,NOP,NORMAL,ADD,2026-02-21T00:19-06:00,0,0,False
5,4395625,RJ Barrett,BE,SF,SG/SF,TOR,NORMAL,ADD,2026-03-26T20:20-05:00,0,0,False
5,4566434,Franz Wagner,PF,SF,SF/PF,ORL,NORMAL,ADD,2026-04-01T17:59-05:00,0,0,False
5,5107199,Daniss Jenkins,UT,PG,PG,DET,NORMAL,ADD,2026-04-01T18:00-05:00,0,0,False
5,3913174,Luke Kennard,UT,SG,SG,PHO,NORMAL,ADD,2026-04-08T21:33-05:00,0,0,False
5,4683742,Julian Reese,F,PF,PF,NOP,NORMAL,ADD,2026-04-08T21:34-05:00,0,0,False
5,5144126,Will Riley,SF,SF,SF,WAS,NORMAL,ADD,2026-04-08T21:35-05:00,0,0,False
6,3059318,Joel Embiid,BE,C,C,PHL,NORMAL,DRAFT,2025-10-18T16:19-05:00,1,0,False
6,4278073,Shai Gilgeous-Alexander,BE,PG,PG,OKC,NORMAL,DRAFT,2025-10-18T16:19-05:00,2,0,False
6,4251,Paul George,SF,SF,SF/PF,BOS,NORMAL,DRAFT,2025-10-18T16:19-05:00,3,0,False
6,3136193,Devin Booker,BE,PG,PG/SG,PHO,NORMAL,DRAFT,2025-10-18T16:19-05:00,4,0,False
6,4279888,Ja Morant,IR,PG,PG,POR,NORMAL,DRAFT,2025-10-18T16:19-05:00,5,0,False
6,4017837,Ivica Zubac,IR,C,C,IND,NORMAL,DRAFT,2025-10-18T16:19-05:00,8,0,False
6,4395724,Immanuel Quickley,PG,PG,PG/SG,TOR,NORMAL,ADD,2025-11-04T07:51-06:00,0,0,False
6,2991070,Jerami Grant,IR,PF,PF,MEM,NORMAL,ADD,2026-02-28T11:46-06:00,0,0,False
6,4395712,Andrew Nembhard,IR,PG,PG/SG,IND,NORMAL,ADD,2026-03-18T09:38-05:00,0,0,False
6,4395630,Devin Vassell,UT,SG,SG/SF,SAS,NORMAL,ADD,2026-03-28T01:34-05:00,0,0,False
6,3155526,Dillon Brooks,BE,SF,SG/SF,PHO,NORMAL,ADD,2026-04-01T23:34-05:00,0,0,False
6,4397014,Quentin Grimes,G,SG,SG/SF,LAL,NORMAL,ADD,2026-04-09T00:01-05:00,0,0,False
6,4433287,Brandon Miller,SG,SF,SG/SF,CHA,NORMAL,ADD,2026-04-10T00:17-05:00,0,0,False
6,4684742,Ausar Thompson,F,SF,SF/PF,DET,NORMAL,ADD,2026-04-10T00:18-05:00,0,0,False
6,4278585,Collin Gillespie,UT,PG,PG,PHO,NORMAL,ADD,2026-04-10T00:19-05:00,0,0,False
6,3102531,Kristaps Porzingis,UT,C,PF/C,GSW,NORMAL,ADD,2026-04-10T17:47-05:00,0,0,False
6,5105623,Kel'el Ware,C,C,C,MIL,NORMAL,ADD,2026-04-11T11:21-05:00,0,0,False
6,3908845,John Collins,PF,PF,PF/C,DET,NORMAL,ADD,2026-04-12T11:09-05:00,0,0,False
7,4701230,Jalen Johnson,PF,PF,PF,ATL,NORMAL,DRAFT,2025-10-18T16:19-05:00,2,0,False
7,4594268,Anthony Edwards,SF,SG,SG/SF,MIN,NORMAL,DRAFT,2025-10-18T16:19-05:00,3,0,False
7,4431678,Tyrese Maxey,PG,PG,PG/SG,PHL,NORMAL,DRAFT,2025-10-18T16:19-05:00,4,0,False
7,4066320,Desmond Bane,SG,SG,SG/SF,ORL,NORMAL,DRAFT,2025-10-18T16:19-05:00,6,0,False
7,4683021,Deni Avdija,F,SF,SF/PF,POR,NORMAL,DRAFT,2025-10-18T16:19-05:00,7,0,False
7,3934719,OG Anunoby,UT,SF,SF/PF,NYK,NORMAL,ADD,2026-04-01T23:31-05:00,0,0,False
7,3995,Jrue Holiday,UT,PG,PG/SG,POR,NORMAL,ADD,2026-04-08T23:10-05:00,0,0,False
7,4066354,Payton Pritchard,BE,PG,PG/SG,BOS,NORMAL,ADD,2026-04-08T18:11-05:00,0,0,False
7,3134908,Jakob Poeltl,C,C,C,TOR,NORMAL,ADD,2026-04-08T18:18-05:00,0,0,False
7,3147657,Mikal Bridges,G,SF,SG/SF,NYK,NORMAL,ADD,2026-04-08T18:30-05:00,0,0,False
7,4396993,Tyrese Haliburton,UT,PG,PG/SG,IND,NORMAL,ADD,2026-04-08T18:39-05:00,0,0,False
8,3112335,Nikola Jokic,C,C,C,DEN,NORMAL,DRAFT,2025-10-18T16:19-05:00,1,0,False
8,4593803,Jalen Williams,IR,PF,SF/PF,OKC,NORMAL,DRAFT,2025-10-18T16:19-05:00,2,0,False
8,1966,LeBron James,IR,SF,SF/PF,PHL,NORMAL,DRAFT,2025-10-18T16:19-05:00,3,0,False
8,4432573,Paolo Banchero,F,PF,SF/PF,ORL,NORMAL,DRAFT,2025-10-18T16:19-05:00,4,0,False
8,4684740,Amen Thompson,BE,SF,SG/SF,HOU,NORMAL,DRAFT,2025-10-18T16:19-05:00,5,0,False
8,3936299,Jamal Murray,UT,PG,PG,DEN,NORMAL,DRAFT,2025-10-18T16:19-05:00,6,0,False
8,4277956,Jordan Poole,BE,SG,PG/SG,NOP,NORMAL,DRAFT,2025-10-18T16:19-05:00,7,0,False
8,4437244,Jalen Green,BE,SG,SG/SF,PHO,NORMAL,DRAFT,2025-10-18T16:19-05:00,8,0,False
8,4351851,Anfernee Simons,IR,SG,PG/SG,PHL,NORMAL,DRAFT,2025-10-18T16:19-05:00,10,0,False
8,3468,Russell Westbrook,G,PG,PG,FA,NORMAL,DRAFT,2025-10-18T16:19-05:00,11,0,False
8,4432165,Jalen Suggs,BE,PG,PG/SG,ORL,NORMAL,DRAFT,2025-10-18T16:19-05:00,12,0,False
8,3064482,Bobby Portis,UT,PF,PF/C,MIA,NORMAL,ADD,2025-10-28T15:45-05:00,0,0,False
8,4900671,Ajay Mitchell,PG,PG,PG/SG,OKC,NORMAL,ADD,2025-10-28T15:45-05:00,0,0,False
8,4592691,Jake LaRavia,UT,PF,SF/PF,LAL,NORMAL,ADD,2025-11-10T17:58-06:00,0,0,False
8,3934673,Donte DiVincenzo,SG,SG,PG/SG,MIN,NORMAL,ADD,2025-11-23T15:41-06:00,0,0,False
8,4431736,Toumani Camara,SF,PF,SF/PF,POR,NORMAL,ADD,2025-11-30T13:57-06:00,0,0,False
