matchup_period,start,end,team,games
1,2026-10-20,2026-10-25,ATL,3
1,2026-10-20,2026-10-25,BKN,3
1,2026-10-20,2026-10-25,BOS,2
1,2026-10-20,2026-10-25,CHA,3
1,2026-10-20,2026-10-25,CHI,3
1,2026-10-20,2026-10-25,CLE,2
1,2026-10-20,2026-10-25,DAL,3
1,2026-10-20,2026-10-25,DEN,2
1,2026-10-20,2026-10-25,DET,3
1,2026-10-20,2026-10-25,GSW,3
1,2026-10-20,2026-10-25,HOU,3
1,2026-10-20,2026-10-25,IND,3
1,2026-10-20,2026-10-25,LAC,3
1,2026-10-20,2026-10-25,LAL,3
1,2026-10-20,2026-10-25,MEM,3
1,2026-10-20,2026-10-25,MIA,3
1,2026-10-20,2026-10-25,MIL,3
1,2026-10-20,2026-10-25,MIN,3
1,2026-10-20,2026-10-25,NOP,3
1,2026-10-20,2026-10-25,NYK,3
1,2026-10-20,2026-10-25,OKC,3
1,2026-10-20,2026-10-25,ORL,3
1,2026-10-20,2026-10-25,PHL,4
1,2026-10-20,2026-10-25,PHO,2
1,2026-10-20,2026-10-25,POR,2
1,2026-10-20,2026-10-25,SAC,3
1,2026-10-20,2026-10-25,SAS,3
1,2026-10-20,2026-10-25,TOR,3
1,2026-10-20,2026-10-25,UTA,3
1,2026-10-20,2026-10-25,WAS,3
2,2026-10-26,2026-11-01,ATL,4
2,2026-10-26,2026-11-01,BKN,3
2,2026-10-26,2026-11-01,BOS,4
2,2026-10-26,2026-11-01,CHA,4
2,2026-10-26,2026-11-01,CHI,3
2,2026-10-26,2026-11-01,CLE,4
2,2026-10-26,2026-11-01,DAL,3
2,2026-10-26,2026-11-01,DEN,3
2,2026-10-26,2026-11-01,DET,3
2,2026-10-26,2026-11-01,GSW,4
2,2026-10-26,2026-11-01,HOU,4
2,2026-10-26,2026-11-01,IND,4
2,2026-10-26,2026-11-01,LAC,3
2,2026-10-26,2026-11-01,LAL,4
2,2026-10-26,2026-11-01,MEM,3
2,2026-10-26,2026-11-01,MIA,3
2,2026-10-26,2026-11-01,MIL,3
2,2026-10-26,2026-11-01,MIN,4
2,2026-10-26,2026-11-01,NOP,3
2,2026-10-26,2026-11-01,NYK,3
2,2026-10-26,2026-11-01,OKC,3
2,2026-10-26,2026-11-01,ORL,3
2,2026-10-26,2026-11-01,PHL,3
2,2026-10-26,2026-11-01,PHO,2
2,2026-10-26,2026-11-01,POR,3
2,2026-10-26,2026-11-01,SAC,3
2,2026-10-26,2026-11-01,SAS,3
2,2026-10-26,2026-11-01,TOR,3
2,2026-10-26,2026-11-01,UTA,3
2,2026-10-26,2026-11-01,WAS,3
3,2026-11-02,2026-11-08,ATL,4
3,2026-11-02,2026-11-08,BKN,4
3,2026-11-02,2026-11-08,BOS,4
3,2026-11-02,2026-11-08,CHA,3
3,2026-11-02,2026-11-08,CHI,3
3,2026-11-02,2026-11-08,CLE,4
3,2026-11-02,2026-11-08,DAL,4
3,2026-11-02,2026-11-08,DEN,3
3,2026-11-02,2026-11-08,DET,3
3,2026-11-02,2026-11-08,GSW,3
3,2026-11-02,2026-11-08,HOU,3
3,2026-11-02,2026-11-08,IND,3
3,2026-11-02,2026-11-08,LAC,3
3,2026-11-02,2026-11-08,LAL,4
3,2026-11-02,2026-11-08,MEM,3
3,2026-11-02,2026-11-08,MIA,4
3,2026-11-02,2026-11-08,MIL,4
3,2026-11-02,2026-11-08,MIN,4
3,2026-11-02,2026-11-08,NOP,4
3,2026-11-02,2026-11-08,NYK,3
3,2026-11-02,2026-11-08,OKC,4
3,2026-11-02,2026-11-08,ORL,3
3,2026-11-02,2026-11-08,PHL,4
3,2026-11-02,2026-11-08,PHO,4
3,2026-11-02,2026-11-08,POR,4
3,2026-11-02,2026-11-08,SAC,4
3,2026-11-02,2026-11-08,SAS,4
3,2026-11-02,2026-11-08,TOR,3
3,2026-11-02,2026-11-08,UTA,4
3,2026-11-02,2026-11-08,WAS,4
4,2026-11-09,2026-11-15,ATL,3
4,2026-11-09,2026-11-15,BKN,2
4,2026-11-09,2026-11-15,BOS,3
4,2026-11-09,2026-11-15,CHA,3
4,2026-11-09,2026-11-15,CHI,3
4,2026-11-09,2026-11-15,CLE,4
4,2026-11-09,2026-11-15,DAL,4
4,2026-11-09,2026-11-15,DEN,3
4,2026-11-09,2026-11-15,DET,3
4,2026-11-09,2026-11-15,GSW,3
4,2026-11-09,2026-11-15,HOU,4
4,2026-11-09,2026-11-15,IND,4
4,2026-11-09,2026-11-15,LAC,3
4,2026-11-09,2026-11-15,LAL,3
4,2026-11-09,2026-11-15,MEM,4
4,2026-11-09,2026-11-15,MIA,3
4,2026-11-09,2026-11-15,MIL,4
4,2026-11-09,2026-11-15,MIN,2
4,2026-11-09,2026-11-15,NOP,4
4,2026-11-09,2026-11-15,NYK,4
4,2026-11-09,2026-11-15,OKC,4
4,2026-11-09,2026-11-15,ORL,3
4,2026-11-09,2026-11-15,PHL,3
4,2026-11-09,2026-11-15,PHO,4
4,2026-11-09,2026-11-15,POR,3
4,2026-11-09,2026-11-15,SAC,3
4,2026-11-09,2026-11-15,SAS,4
4,2026-11-09,2026-11-15,TOR,4
4,2026-11-09,2026-11-15,UTA,4
4,2026-11-09,2026-11-15,WAS,4
5,2026-11-16,2026-11-22,ATL,3
5,2026-11-16,2026-11-22,BKN,3
5,2026-11-16,2026-11-22,BOS,4
5,2026-11-16,2026-11-22,CHA,2
5,2026-11-16,2026-11-22,CHI,4
5,2026-11-16,2026-11-22,CLE,3
5,2026-11-16,2026-11-22,DAL,3
5,2026-11-16,2026-11-22,DEN,4
5,2026-11-16,2026-11-22,DET,4
5,2026-11-16,2026-11-22,GSW,4
5,2026-11-16,2026-11-22,HOU,3
5,2026-11-16,2026-11-22,IND,3
5,2026-11-16,2026-11-22,LAC,3
5,2026-11-16,2026-11-22,LAL,3
5,2026-11-16,2026-11-22,MEM,4
5,2026-11-16,2026-11-22,MIA,3
5,2026-11-16,2026-11-22,MIL,3
5,2026-11-16,2026-11-22,MIN,4
5,2026-11-16,2026-11-22,NOP,4
5,2026-11-16,2026-11-22,NYK,4
5,2026-11-16,2026-11-22,OKC,3
5,2026-11-16,2026-11-22,ORL,4
5,2026-11-16,2026-11-22,PHL,3
5,2026-11-16,2026-11-22,PHO,3
5,2026-11-16,2026-11-22,POR,4
5,2026-11-16,2026-11-22,SAC,3
5,2026-11-16,2026-11-22,SAS,3
5,2026-11-16,2026-11-22,TOR,3
5,2026-11-16,2026-11-22,UTA,4
5,2026-11-16,2026-11-22,WAS,4
6,2026-11-23,2026-11-29,ATL,2
6,2026-11-23,2026-11-29,BKN,4
6,2026-11-23,2026-11-29,BOS,3
6,2026-11-23,2026-11-29,CHA,3
6,2026-11-23,2026-11-29,CHI,3
6,2026-11-23,2026-11-29,CLE,3
6,2026-11-23,2026-11-29,DAL,2
6,2026-11-23,2026-11-29,DEN,3
6,2026-11-23,2026-11-29,DET,3
6,2026-11-23,2026-11-29,GSW,3
6,2026-11-23,2026-11-29,HOU,3
6,2026-11-23,2026-11-29,IND,3
6,2026-11-23,2026-11-29,LAC,4
6,2026-11-23,2026-11-29,LAL,3
6,2026-11-23,2026-11-29,MEM,4
6,2026-11-23,2026-11-29,MIA,3
6,2026-11-23,2026-11-29,MIL,4
6,2026-11-23,2026-11-29,MIN,4
6,2026-11-23,2026-11-29,NOP,3
6,2026-11-23,2026-11-29,NYK,3
6,2026-11-23,2026-11-29,OKC,3
6,2026-11-23,2026-11-29,ORL,3
6,2026-11-23,2026-11-29,PHL,4
6,2026-11-23,2026-11-29,PHO,4
6,2026-11-23,2026-11-29,POR,4
6,2026-11-23,2026-11-29,SAC,3
6,2026-11-23,2026-11-29,SAS,4
6,2026-11-23,2026-11-29,TOR,3
6,2026-11-23,2026-11-29,UTA,3
6,2026-11-23,2026-11-29,WAS,2
7,2026-11-30,2026-12-06,ATL,2
7,2026-11-30,2026-12-06,BKN,2
7,2026-11-30,2026-12-06,BOS,2
7,2026-11-30,2026-12-06,CHA,2
7,2026-11-30,2026-12-06,CHI,2
7,2026-11-30,2026-12-06,CLE,2
7,2026-11-30,2026-12-06,DAL,2
7,2026-11-30,2026-12-06,DEN,2
7,2026-11-30,2026-12-06,DET,2
7,2026-11-30,2026-12-06,GSW,1
7,2026-11-30,2026-12-06,HOU,2
7,2026-11-30,2026-12-06,IND,2
7,2026-11-30,2026-12-06,LAC,2
7,2026-11-30,2026-12-06,LAL,2
7,2026-11-30,2026-12-06,MEM,2
7,2026-11-30,2026-12-06,MIA,2
7,2026-11-30,2026-12-06,MIL,2
7,2026-11-30,2026-12-06,MIN,2
7,2026-11-30,2026-12-06,NOP,2
7,2026-11-30,2026-12-06,NYK,2
7,2026-11-30,2026-12-06,OKC,2
7,2026-11-30,2026-12-06,ORL,1
7,2026-11-30,2026-12-06,PHL,2
7,2026-11-30,2026-12-06,PHO,2
7,2026-11-30,2026-12-06,POR,2
7,2026-11-30,2026-12-06,SAC,2
7,2026-11-30,2026-12-06,SAS,2
7,2026-11-30,2026-12-06,TOR,2
7,2026-11-30,2026-12-06,UTA,2
7,2026-11-30,2026-12-06,WAS,2
8,2026-12-07,2026-12-13,ATL,1
8,2026-12-07,2026-12-13,BKN,1
8,2026-12-07,2026-12-13,BOS,1
8,2026-12-07,2026-12-13,CHA,1
8,2026-12-07,2026-12-13,CHI,1
8,2026-12-07,2026-12-13,CLE,1
8,2026-12-07,2026-12-13,DAL,0
8,2026-12-07,2026-12-13,DEN,1
8,2026-12-07,2026-12-13,DET,1
8,2026-12-07,2026-12-13,GSW,1
8,2026-12-07,2026-12-13,HOU,1
8,2026-12-07,2026-12-13,IND,1
8,2026-12-07,2026-12-13,LAC,1
8,2026-12-07,2026-12-13,LAL,0
8,2026-12-07,2026-12-13,MEM,1
8,2026-12-07,2026-12-13,MIA,1
8,2026-12-07,2026-12-13,MIL,1
8,2026-12-07,2026-12-13,MIN,1
8,2026-12-07,2026-12-13,NOP,1
8,2026-12-07,2026-12-13,NYK,1
8,2026-12-07,2026-12-13,OKC,1
8,2026-12-07,2026-12-13,ORL,1
8,2026-12-07,2026-12-13,PHL,1
8,2026-12-07,2026-12-13,PHO,1
8,2026-12-07,2026-12-13,POR,1
8,2026-12-07,2026-12-13,SAC,1
8,2026-12-07,2026-12-13,SAS,1
8,2026-12-07,2026-12-13,TOR,1
8,2026-12-07,2026-12-13,UTA,1
8,2026-12-07,2026-12-13,WAS,1
9,2026-12-14,2026-12-20,ATL,4
9,2026-12-14,2026-12-20,BKN,4
9,2026-12-14,2026-12-20,BOS,4
9,2026-12-14,2026-12-20,CHA,4
9,2026-12-14,2026-12-20,CHI,4
9,2026-12-14,2026-12-20,CLE,4
9,2026-12-14,2026-12-20,DAL,4
9,2026-12-14,2026-12-20,DEN,3
9,2026-12-14,2026-12-20,DET,4
9,2026-12-14,2026-12-20,GSW,4
9,2026-12-14,2026-12-20,HOU,4
9,2026-12-14,2026-12-20,IND,3
9,2026-12-14,2026-12-20,LAC,3
9,2026-12-14,2026-12-20,LAL,4
9,2026-12-14,2026-12-20,MEM,4
9,2026-12-14,2026-12-20,MIA,4
9,2026-12-14,2026-12-20,MIL,4
9,2026-12-14,2026-12-20,MIN,3
9,2026-12-14,2026-12-20,NOP,4
9,2026-12-14,2026-12-20,NYK,3
9,2026-12-14,2026-12-20,OKC,3
9,2026-12-14,2026-12-20,ORL,4
9,2026-12-14,2026-12-20,PHL,2
9,2026-12-14,2026-12-20,PHO,4
9,2026-12-14,2026-12-20,POR,3
9,2026-12-14,2026-12-20,SAC,3
9,2026-12-14,2026-12-20,SAS,4
9,2026-12-14,2026-12-20,TOR,4
9,2026-12-14,2026-12-20,UTA,4
9,2026-12-14,2026-12-20,WAS,4
10,2026-12-21,2026-12-27,ATL,3
10,2026-12-21,2026-12-27,BKN,4
10,2026-12-21,2026-12-27,BOS,2
10,2026-12-21,2026-12-27,CHA,4
10,2026-12-21,2026-12-27,CHI,3
10,2026-12-21,2026-12-27,CLE,3
10,2026-12-21,2026-12-27,DAL,3
10,2026-12-21,2026-12-27,DEN,4
10,2026-12-21,2026-12-27,DET,4
10,2026-12-21,2026-12-27,GSW,4
10,2026-12-21,2026-12-27,HOU,2
10,2026-12-21,2026-12-27,IND,4
10,2026-12-21,2026-12-27,LAC,4
10,2026-12-21,2026-12-27,LAL,4
10,2026-12-21,2026-12-27,MEM,4
10,2026-12-21,2026-12-27,MIA,4
10,2026-12-21,2026-12-27,MIL,3
10,2026-12-21,2026-12-27,MIN,4
10,2026-12-21,2026-12-27,NOP,3
10,2026-12-21,2026-12-27,NYK,4
10,2026-12-21,2026-12-27,OKC,4
10,2026-12-21,2026-12-27,ORL,4
10,2026-12-21,2026-12-27,PHL,4
10,2026-12-21,2026-12-27,PHO,3
10,2026-12-21,2026-12-27,POR,4
10,2026-12-21,2026-12-27,SAC,3
10,2026-12-21,2026-12-27,SAS,4
10,2026-12-21,2026-12-27,TOR,3
10,2026-12-21,2026-12-27,UTA,3
10,2026-12-21,2026-12-27,WAS,4
11,2026-12-28,2027-01-03,ATL,3
11,2026-12-28,2027-01-03,BKN,3
11,2026-12-28,2027-01-03,BOS,4
11,2026-12-28,2027-01-03,CHA,4
11,2026-12-28,2027-01-03,CHI,3
11,2026-12-28,2027-01-03,CLE,4
11,2026-12-28,2027-01-03,DAL,3
11,2026-12-28,2027-01-03,DEN,4
11,2026-12-28,2027-01-03,DET,3
11,2026-12-28,2027-01-03,GSW,3
11,2026-12-28,2027-01-03,HOU,4
11,2026-12-28,2027-01-03,IND,3
11,2026-12-28,2027-01-03,LAC,4
11,2026-12-28,2027-01-03,LAL,4
11,2026-12-28,2027-01-03,MEM,2
11,2026-12-28,2027-01-03,MIA,3
11,2026-12-28,2027-01-03,MIL,4
11,2026-12-28,2027-01-03,MIN,4
11,2026-12-28,2027-01-03,NOP,4
11,2026-12-28,2027-01-03,NYK,3
11,2026-12-28,2027-01-03,OKC,4
11,2026-12-28,2027-01-03,ORL,4
11,2026-12-28,2027-01-03,PHL,3
11,2026-12-28,2027-01-03,PHO,4
11,2026-12-28,2027-01-03,POR,2
11,2026-12-28,2027-01-03,SAC,4
11,2026-12-28,2027-01-03,SAS,4
11,2026-12-28,2027-01-03,TOR,4
11,2026-12-28,2027-01-03,UTA,3
11,2026-12-28,2027-01-03,WAS,3
12,2027-01-04,2027-01-10,ATL,4
12,2027-01-04,2027-01-10,BKN,4
12,2027-01-04,2027-01-10,BOS,3
12,2027-01-04,2027-01-10,CHA,4
12,2027-01-04,2027-01-10,CHI,5
12,2027-01-04,2027-01-10,CLE,3
12,2027-01-04,2027-01-10,DAL,4
12,2027-01-04,2027-01-10,DEN,3
12,2027-01-04,2027-01-10,DET,4
12,2027-01-04,2027-01-10,GSW,3
12,2027-01-04,2027-01-10,HOU,3
12,2027-01-04,2027-01-10,IND,4
12,2027-01-04,2027-01-10,LAC,3
12,2027-01-04,2027-01-10,LAL,3
12,2027-01-04,2027-01-10,MEM,4
12,2027-01-04,2027-01-10,MIA,4
12,2027-01-04,2027-01-10,MIL,3
12,2027-01-04,2027-01-10,MIN,3
12,2027-01-04,2027-01-10,NOP,4
12,2027-01-04,2027-01-10,NYK,3
12,2027-01-04,2027-01-10,OKC,3
12,2027-01-04,2027-01-10,ORL,4
12,2027-01-04,2027-01-10,PHL,4
12,2027-01-04,2027-01-10,PHO,4
12,2027-01-04,2027-01-10,POR,4
12,2027-01-04,2027-01-10,SAC,4
12,2027-01-04,2027-01-10,SAS,3
12,2027-01-04,2027-01-10,TOR,4
12,2027-01-04,2027-01-10,UTA,4
12,2027-01-04,2027-01-10,WAS,3
13,2027-01-11,2027-01-17,ATL,3
13,2027-01-11,2027-01-17,BKN,4
13,2027-01-11,2027-01-17,BOS,3
13,2027-01-11,2027-01-17,CHA,3
13,2027-01-11,2027-01-17,CHI,3
13,2027-01-11,2027-01-17,CLE,4
13,2027-01-11,2027-01-17,DAL,3
13,2027-01-11,2027-01-17,DEN,5
13,2027-01-11,2027-01-17,DET,3
13,2027-01-11,2027-01-17,GSW,4
13,2027-01-11,2027-01-17,HOU,4
13,2027-01-11,2027-01-17,IND,4
13,2027-01-11,2027-01-17,LAC,3
13,2027-01-11,2027-01-17,LAL,4
13,2027-01-11,2027-01-17,MEM,3
13,2027-01-11,2027-01-17,MIA,4
13,2027-01-11,2027-01-17,MIL,4
13,2027-01-11,2027-01-17,MIN,3
13,2027-01-11,2027-01-17,NOP,2
13,2027-01-11,2027-01-17,NYK,4
13,2027-01-11,2027-01-17,OKC,3
13,2027-01-11,2027-01-17,ORL,4
13,2027-01-11,2027-01-17,PHL,3
13,2027-01-11,2027-01-17,PHO,2
13,2027-01-11,2027-01-17,POR,4
13,2027-01-11,2027-01-17,SAC,4
13,2027-01-11,2027-01-17,SAS,2
13,2027-01-11,2027-01-17,TOR,4
13,2027-01-11,2027-01-17,UTA,4
13,2027-01-11,2027-01-17,WAS,4
14,2027-01-18,2027-01-24,ATL,4
14,2027-01-18,2027-01-24,BKN,3
14,2027-01-18,2027-01-24,BOS,4
14,2027-01-18,2027-01-24,CHA,3
14,2027-01-18,2027-01-24,CHI,3
14,2027-01-18,2027-01-24,CLE,3
14,2027-01-18,2027-01-24,DAL,4
14,2027-01-18,2027-01-24,DEN,3
14,2027-01-18,2027-01-24,DET,3
14,2027-01-18,2027-01-24,GSW,4
14,2027-01-18,2027-01-24,HOU,4
14,2027-01-18,2027-01-24,IND,3
14,2027-01-18,2027-01-24,LAC,4
14,2027-01-18,2027-01-24,LAL,4
14,2027-01-18,2027-01-24,MEM,3
14,2027-01-18,2027-01-24,MIA,3
14,2027-01-18,2027-01-24,MIL,3
14,2027-01-18,2027-01-24,MIN,4
14,2027-01-18,2027-01-24,NOP,2
14,2027-01-18,2027-01-24,NYK,4
14,2027-01-18,2027-01-24,OKC,4
14,2027-01-18,2027-01-24,ORL,3
14,2027-01-18,2027-01-24,PHL,4
14,2027-01-18,2027-01-24,PHO,4
14,2027-01-18,2027-01-24,POR,4
14,2027-01-18,2027-01-24,SAC,3
14,2027-01-18,2027-01-24,SAS,3
14,2027-01-18,2027-01-24,TOR,3
14,2027-01-18,2027-01-24,UTA,4
14,2027-01-18,2027-01-24,WAS,4
15,2027-01-25,2027-01-31,ATL,3
15,2027-01-25,2027-01-31,BKN,4
15,2027-01-25,2027-01-31,BOS,4
15,2027-01-25,2027-01-31,CHA,4
15,2027-01-25,2027-01-31,CHI,4
15,2027-01-25,2027-01-31,CLE,4
15,2027-01-25,2027-01-31,DAL,4
15,2027-01-25,2027-01-31,DEN,4
15,2027-01-25,2027-01-31,DET,4
15,2027-01-25,2027-01-31,GSW,3
15,2027-01-25,2027-01-31,HOU,4
15,2027-01-25,2027-01-31,IND,3
15,2027-01-25,2027-01-31,LAC,3
15,2027-01-25,2027-01-31,LAL,4
15,2027-01-25,2027-01-31,MEM,3
15,2027-01-25,2027-01-31,MIA,3
15,2027-01-25,2027-01-31,MIL,3
15,2027-01-25,2027-01-31,MIN,4
15,2027-01-25,2027-01-31,NOP,4
15,2027-01-25,2027-01-31,NYK,3
15,2027-01-25,2027-01-31,OKC,4
15,2027-01-25,2027-01-31,ORL,4
15,2027-01-25,2027-01-31,PHL,4
15,2027-01-25,2027-01-31,PHO,4
15,2027-01-25,2027-01-31,POR,3
15,2027-01-25,2027-01-31,SAC,4
15,2027-01-25,2027-01-31,SAS,3
15,2027-01-25,2027-01-31,TOR,4
15,2027-01-25,2027-01-31,UTA,3
15,2027-01-25,2027-01-31,WAS,3
16,2027-02-01,2027-02-07,ATL,4
16,2027-02-01,2027-02-07,BKN,3
16,2027-02-01,2027-02-07,BOS,4
16,2027-02-01,2027-02-07,CHA,4
16,2027-02-01,2027-02-07,CHI,3
16,2027-02-01,2027-02-07,CLE,4
16,2027-02-01,2027-02-07,DAL,4
16,2027-02-01,2027-02-07,DEN,4
16,2027-02-01,2027-02-07,DET,4
16,2027-02-01,2027-02-07,GSW,4
16,2027-02-01,2027-02-07,HOU,3
16,2027-02-01,2027-02-07,IND,3
16,2027-02-01,2027-02-07,LAC,4
16,2027-02-01,2027-02-07,LAL,3
16,2027-02-01,2027-02-07,MEM,3
16,2027-02-01,2027-02-07,MIA,4
16,2027-02-01,2027-02-07,MIL,3
16,2027-02-01,2027-02-07,MIN,4
16,2027-02-01,2027-02-07,NOP,4
16,2027-02-01,2027-02-07,NYK,4
16,2027-02-01,2027-02-07,OKC,4
16,2027-02-01,2027-02-07,ORL,3
16,2027-02-01,2027-02-07,PHL,4
16,2027-02-01,2027-02-07,PHO,3
16,2027-02-01,2027-02-07,POR,3
16,2027-02-01,2027-02-07,SAC,3
16,2027-02-01,2027-02-07,SAS,4
16,2027-02-01,2027-02-07,TOR,4
16,2027-02-01,2027-02-07,UTA,4
16,2027-02-01,2027-02-07,WAS,3
17,2027-02-08,2027-02-14,ATL,4
17,2027-02-08,2027-02-14,BKN,4
17,2027-02-08,2027-02-14,BOS,4
17,2027-02-08,2027-02-14,CHA,3
17,2027-02-08,2027-02-14,CHI,4
17,2027-02-08,2027-02-14,CLE,4
17,2027-02-08,2027-02-14,DAL,3
17,2027-02-08,2027-02-14,DEN,4
17,2027-02-08,2027-02-14,DET,3
17,2027-02-08,2027-02-14,GSW,3
17,2027-02-08,2027-02-14,HOU,4
17,2027-02-08,2027-02-14,IND,4
17,2027-02-08,2027-02-14,LAC,4
17,2027-02-08,2027-02-14,LAL,3
17,2027-02-08,2027-02-14,MEM,3
17,2027-02-08,2027-02-14,MIA,4
17,2027-02-08,2027-02-14,MIL,4
17,2027-02-08,2027-02-14,MIN,2
17,2027-02-08,2027-02-14,NOP,4
17,2027-02-08,2027-02-14,NYK,3
17,2027-02-08,2027-02-14,OKC,3
17,2027-02-08,2027-02-14,ORL,4
17,2027-02-08,2027-02-14,PHL,3
17,2027-02-08,2027-02-14,PHO,4
17,2027-02-08,2027-02-14,POR,5
17,2027-02-08,2027-02-14,SAC,4
17,2027-02-08,2027-02-14,SAS,3
17,2027-02-08,2027-02-14,TOR,3
17,2027-02-08,2027-02-14,UTA,2
17,2027-02-08,2027-02-14,WAS,4
18,2027-02-15,2027-02-28,ATL,5
18,2027-02-15,2027-02-28,BKN,3
18,2027-02-15,2027-02-28,BOS,4
18,2027-02-15,2027-02-28,CHA,5
18,2027-02-15,2027-02-28,CHI,4
18,2027-02-15,2027-02-28,CLE,4
18,2027-02-15,2027-02-28,DAL,5
18,2027-02-15,2027-02-28,DEN,3
18,2027-02-15,2027-02-28,DET,4
18,2027-02-15,2027-02-28,GSW,3
18,2027-02-15,2027-02-28,HOU,4
18,2027-02-15,2027-02-28,IND,5
18,2027-02-15,2027-02-28,LAC,4
18,2027-02-15,2027-02-28,LAL,4
18,2027-02-15,2027-02-28,MEM,5
18,2027-02-15,2027-02-28,MIA,4
18,2027-02-15,2027-02-28,MIL,4
18,2027-02-15,2027-02-28,MIN,4
18,2027-02-15,2027-02-28,NOP,4
18,2027-02-15,2027-02-28,NYK,5
18,2027-02-15,2027-02-28,OKC,4
18,2027-02-15,2027-02-28,ORL,4
18,2027-02-15,2027-02-28,PHL,4
18,2027-02-15,2027-02-28,PHO,4
18,2027-02-15,2027-02-28,POR,4
18,2027-02-15,2027-02-28,SAC,4
18,2027-02-15,2027-02-28,SAS,5
18,2027-02-15,2027-02-28,TOR,4
18,2027-02-15,2027-02-28,UTA,4
18,2027-02-15,2027-02-28,WAS,4
19,2027-03-01,2027-03-07,ATL,3
19,2027-03-01,2027-03-07,BKN,4
19,2027-03-01,2027-03-07,BOS,3
19,2027-03-01,2027-03-07,CHA,2
19,2027-03-01,2027-03-07,CHI,4
19,2027-03-01,2027-03-07,CLE,3
19,2027-03-01,2027-03-07,DAL,2
19,2027-03-01,2027-03-07,DEN,3
19,2027-03-01,2027-03-07,DET,3
19,2027-03-01,2027-03-07,GSW,4
19,2027-03-01,2027-03-07,HOU,4
19,2027-03-01,2027-03-07,IND,3
19,2027-03-01,2027-03-07,LAC,3
19,2027-03-01,2027-03-07,LAL,4
19,2027-03-01,2027-03-07,MEM,3
19,2027-03-01,2027-03-07,MIA,3
19,2027-03-01,2027-03-07,MIL,3
19,2027-03-01,2027-03-07,MIN,3
19,2027-03-01,2027-03-07,NOP,4
19,2027-03-01,2027-03-07,NYK,3
19,2027-03-01,2027-03-07,OKC,3
19,2027-03-01,2027-03-07,ORL,3
19,2027-03-01,2027-03-07,PHL,4
19,2027-03-01,2027-03-07,PHO,3
19,2027-03-01,2027-03-07,POR,4
19,2027-03-01,2027-03-07,SAC,3
19,2027-03-01,2027-03-07,SAS,3
19,2027-03-01,2027-03-07,TOR,3
19,2027-03-01,2027-03-07,UTA,4
19,2027-03-01,2027-03-07,WAS,4
20,2027-03-08,2027-03-14,ATL,4
20,2027-03-08,2027-03-14,BKN,3
20,2027-03-08,2027-03-14,BOS,4
20,2027-03-08,2027-03-14,CHA,4
20,2027-03-08,2027-03-14,CHI,3
20,2027-03-08,2027-03-14,CLE,4
20,2027-03-08,2027-03-14,DAL,4
20,2027-03-08,2027-03-14,DEN,4
20,2027-03-08,2027-03-14,DET,4
20,2027-03-08,2027-03-14,GSW,4
20,2027-03-08,2027-03-14,HOU,3
20,2027-03-08,2027-03-14,IND,3
20,2027-03-08,2027-03-14,LAC,4
20,2027-03-08,2027-03-14,LAL,3
20,2027-03-08,2027-03-14,MEM,4
20,2027-03-08,2027-03-14,MIA,4
20,2027-03-08,2027-03-14,MIL,3
20,2027-03-08,2027-03-14,MIN,4
20,2027-03-08,2027-03-14,NOP,4
20,2027-03-08,2027-03-14,NYK,3
20,2027-03-08,2027-03-14,OKC,4
20,2027-03-08,2027-03-14,ORL,3
20,2027-03-08,2027-03-14,PHL,3
20,2027-03-08,2027-03-14,PHO,4
20,2027-03-08,2027-03-14,POR,3
20,2027-03-08,2027-03-14,SAC,4
20,2027-03-08,2027-03-14,SAS,3
20,2027-03-08,2027-03-14,TOR,3
20,2027-03-08,2027-03-14,UTA,3
20,2027-03-08,2027-03-14,WAS,3
21,2027-03-15,2027-03-21,ATL,4
21,2027-03-15,2027-03-21,BKN,4
21,2027-03-15,2027-03-21,BOS,3
21,2027-03-15,2027-03-21,CHA,3
21,2027-03-15,2027-03-21,CHI,3
21,2027-03-15,2027-03-21,CLE,3
21,2027-03-15,2027-03-21,DAL,4
21,2027-03-15,2027-03-21,DEN,4
21,2027-03-15,2027-03-21,DET,3
21,2027-03-15,2027-03-21,GSW,3
21,2027-03-15,2027-03-21,HOU,3
21,2027-03-15,2027-03-21,IND,4
21,2027-03-15,2027-03-21,LAC,3
21,2027-03-15,2027-03-21,LAL,4
21,2027-03-15,2027-03-21,MEM,4
21,2027-03-15,2027-03-21,MIA,3
21,2027-03-15,2027-03-21,MIL,3
21,2027-03-15,2027-03-21,MIN,2
21,2027-03-15,2027-03-21,NOP,4
21,2027-03-15,2027-03-21,NYK,3
21,2027-03-15,2027-03-21,OKC,3
21,2027-03-15,2027-03-21,ORL,4
21,2027-03-15,2027-03-21,PHL,4
21,2027-03-15,2027-03-21,PHO,4
21,2027-03-15,2027-03-21,POR,4
21,2027-03-15,2027-03-21,SAC,4
21,2027-03-15,2027-03-21,SAS,4
21,2027-03-15,2027-03-21,TOR,4
21,2027-03-15,2027-03-21,UTA,3
21,2027-03-15,2027-03-21,WAS,3
22,2027-03-22,2027-03-28,ATL,3
22,2027-03-22,2027-03-28,BKN,3
22,2027-03-22,2027-03-28,BOS,4
22,2027-03-22,2027-03-28,CHA,4
22,2027-03-22,2027-03-28,CHI,4
22,2027-03-22,2027-03-28,CLE,2
22,2027-03-22,2027-03-28,DAL,4
22,2027-03-22,2027-03-28,DEN,3
22,2027-03-22,2027-03-28,DET,4
22,2027-03-22,2027-03-28,GSW,4
22,2027-03-22,2027-03-28,HOU,4
22,2027-03-22,2027-03-28,IND,3
22,2027-03-22,2027-03-28,LAC,4
22,2027-03-22,2027-03-28,LAL,3
22,2027-03-22,2027-03-28,MEM,4
22,2027-03-22,2027-03-28,MIA,3
22,2027-03-22,2027-03-28,MIL,4
22,2027-03-22,2027-03-28,MIN,4
22,2027-03-22,2027-03-28,NOP,3
22,2027-03-22,2027-03-28,NYK,4
22,2027-03-22,2027-03-28,OKC,4
22,2027-03-22,2027-03-28,ORL,4
22,2027-03-22,2027-03-28,PHL,4
22,2027-03-22,2027-03-28,PHO,4
22,2027-03-22,2027-03-28,POR,3
22,2027-03-22,2027-03-28,SAC,3
22,2027-03-22,2027-03-28,SAS,3
22,2027-03-22,2027-03-28,TOR,4
22,2027-03-22,2027-03-28,UTA,4
22,2027-03-22,2027-03-28,WAS,4
23,2027-03-29,2027-04-04,ATL,4
23,2027-03-29,2027-04-04,BKN,4
23,2027-03-29,2027-04-04,BOS,4
23,2027-03-29,2027-04-04,CHA,4
23,2027-03-29,2027-04-04,CHI,4
23,2027-03-29,2027-04-04,CLE,4
23,2027-03-29,2027-04-04,DAL,4
23,2027-03-29,2027-04-04,DEN,4
23,2027-03-29,2027-04-04,DET,4
23,2027-03-29,2027-04-04,GSW,4
23,2027-03-29,2027-04-04,HOU,4
23,2027-03-29,2027-04-04,IND,4
23,2027-03-29,2027-04-04,LAC,4
23,2027-03-29,2027-04-04,LAL,3
23,2027-03-29,2027-04-04,MEM,3
23,2027-03-29,2027-04-04,MIA,4
23,2027-03-29,2027-04-04,MIL,4
23,2027-03-29,2027-04-04,MIN,4
23,2027-03-29,2027-04-04,NOP,2
23,2027-03-29,2027-04-04,NYK,4
23,2027-03-29,2027-04-04,OKC,3
23,2027-03-29,2027-04-04,ORL,3
23,2027-03-29,2027-04-04,PHL,3
23,2027-03-29,2027-04-04,PHO,4
23,2027-03-29,2027-04-04,POR,4
23,2027-03-29,2027-04-04,SAC,4
23,2027-03-29,2027-04-04,SAS,4
23,2027-03-29,2027-04-04,TOR,3
23,2027-03-29,2027-04-04,UTA,3
23,2027-03-29,2027-04-04,WAS,3
24,2027-04-05,2027-04-11,ATL,3
24,2027-04-05,2027-04-11,BKN,4
24,2027-04-05,2027-04-11,BOS,3
24,2027-04-05,2027-04-11,CHA,4
24,2027-04-05,2027-04-11,CHI,4
24,2027-04-05,2027-04-11,CLE,4
24,2027-04-05,2027-04-11,DAL,4
24,2027-04-05,2027-04-11,DEN,4
24,2027-04-05,2027-04-11,DET,4
24,2027-04-05,2027-04-11,GSW,4
24,2027-04-05,2027-04-11,HOU,3
24,2027-04-05,2027-04-11,IND,4
24,2027-04-05,2027-04-11,LAC,4
24,2027-04-05,2027-04-11,LAL,4
24,2027-04-05,2027-04-11,MEM,4
24,2027-04-05,2027-04-11,MIA,4
24,2027-04-05,2027-04-11,MIL,4
24,2027-04-05,2027-04-11,MIN,4
24,2027-04-05,2027-04-11,NOP,4
24,2027-04-05,2027-04-11,NYK,4
24,2027-04-05,2027-04-11,OKC,4
24,2027-04-05,2027-04-11,ORL,4
24,2027-04-05,2027-04-11,PHL,3
24,2027-04-05,2027-04-11,PHO,3
24,2027-04-05,2027-04-11,POR,3
24,2027-04-05,2027-04-11,SAC,4
24,2027-04-05,2027-04-11,SAS,4
24,2027-04-05,2027-04-11,TOR,4
24,2027-04-05,2027-04-11,UTA,4
24,2027-04-05,2027-04-11,WAS,4
