scoring_period,date_ct
1,2026-10-20
2,2026-10-21
3,2026-10-22
4,2026-10-23
5,2026-10-24
6,2026-10-25
7,2026-10-26
8,2026-10-27
9,2026-10-28
10,2026-10-29
11,2026-10-30
12,2026-10-31
13,2026-11-01
14,2026-11-02
15,2026-11-03
16,2026-11-04
17,2026-11-05
18,2026-11-06
19,2026-11-07
20,2026-11-08
21,2026-11-09
22,2026-11-10
23,2026-11-11
24,2026-11-12
25,2026-11-13
26,2026-11-14
27,2026-11-15
28,2026-11-16
29,2026-11-17
30,2026-11-18
31,2026-11-19
32,2026-11-20
33,2026-11-21
34,2026-11-22
35,2026-11-23
36,2026-11-24
37,2026-11-25
38,2026-11-26
39,2026-11-27
40,2026-11-28
41,2026-11-29
42,2026-11-30
43,2026-12-01
44,2026-12-02
45,2026-12-03
46,2026-12-04
47,2026-12-05
48,2026-12-06
49,2026-12-07
50,2026-12-08
51,2026-12-09
52,2026-12-10
53,2026-12-11
54,2026-12-12
55,2026-12-13
56,2026-12-14
57,2026-12-15
58,2026-12-16
59,2026-12-17
60,2026-12-18
61,2026-12-19
62,2026-12-20
63,2026-12-21
64,2026-12-22
65,2026-12-23
66,2026-12-24
67,2026-12-25
68,2026-12-26
69,2026-12-27
70,2026-12-28
71,2026-12-29
72,2026-12-30
73,2026-12-31
74,2027-01-01
75,2027-01-02
76,2027-01-03
77,2027-01-04
78,2027-01-05
79,2027-01-06
80,2027-01-07
81,2027-01-08
82,2027-01-09
83,2027-01-10
84,2027-01-11
85,2027-01-12
86,2027-01-13
87,2027-01-14
88,2027-01-15
89,2027-01-16
90,2027-01-17
91,2027-01-18
92,2027-01-19
93,2027-01-20
94,2027-01-21
95,2027-01-22
96,2027-01-23
97,2027-01-24
98,2027-01-25
99,2027-01-26
100,2027-01-27
101,2027-01-28
102,2027-01-29
103,2027-01-30
104,2027-01-31
105,2027-02-01
106,2027-02-02
107,2027-02-03
108,2027-02-04
109,2027-02-05
110,2027-02-06
111,2027-02-07
112,2027-02-08
113,2027-02-09
114,2027-02-10
115,2027-02-11
116,2027-02-12
117,2027-02-13
118,2027-02-14
119,2027-02-15
120,2027-02-16
121,2027-02-17
122,2027-02-18
123,2027-02-19
124,2027-02-20
125,2027-02-21
126,2027-02-22
127,2027-02-23
128,2027-02-24
129,2027-02-25
130,2027-02-26
131,2027-02-27
132,2027-02-28
133,2027-03-01
134,2027-03-02
135,2027-03-03
136,2027-03-04
137,2027-03-05
138,2027-03-06
139,2027-03-07
140,2027-03-08
141,2027-03-09
142,2027-03-10
143,2027-03-11
144,2027-03-12
145,2027-03-13
146,2027-03-14
147,2027-03-15
148,2027-03-16
149,2027-03-17
150,2027-03-18
151,2027-03-19
152,2027-03-20
153,2027-03-21
154,2027-03-22
155,2027-03-23
156,2027-03-24
157,2027-03-25
158,2027-03-26
159,2027-03-27
160,2027-03-28
161,2027-03-29
162,2027-03-30
163,2027-03-31
164,2027-04-01
165,2027-04-02
166,2027-04-03
167,2027-04-04
168,2027-04-05
169,2027-04-06
170,2027-04-07
171,2027-04-08
172,2027-04-09
173,2027-04-10
174,2027-04-11
