team_id,player_id,name,slot,pos,eligible,pro_team,injury_status,acquisition_type,acquired_ct,keeper_value,keeper_value_future,lineup_locked
4,5104157,Victor Wembanyama,C,C,C,SAS,NORMAL,DRAFT,2025-10-18T16:19-05:00,1,0,False
4,3908809,Donovan Mitchell,UT,SG,PG/SG,CLE,NORMAL,DRAFT,2025-10-18T16:19-05:00,2,0,False
4,3064440,Zach LaVine,UT,SG,SG/SF,SAC,NORMAL,DRAFT,2025-10-18T16:19-05:00,3,0,False
4,3934672,Jalen Brunson,BE,PG,PG,NYK,NORMAL,DRAFT,2025-10-18T16:19-05:00,4,0,False
4,3078576,Derrick White,BE,SG,PG/SG,BOS,NORMAL,DRAFT,2025-10-18T16:19-05:00,5,0,False
4,4277961,Jaren Jackson Jr.,BE,C,PF/C,UTA,NORMAL,DRAFT,2025-10-18T16:19-05:00,6,0,False
4,6450,Kawhi Leonard,BE,SF,SF/PF,TOR,NORMAL,DRAFT,2025-10-18T16:19-05:00,7,0,False
4,4066328,Jarrett Allen,BE,C,C,CLE,NORMAL,DRAFT,2025-10-18T16:19-05:00,8,0,False
4,4066383,Miles Bridges,PF,SF,SF/PF,PHO,NORMAL,DRAFT,2025-10-18T16:19-05:00,9,0,False
4,2490149,CJ McCollum,BE,SG,PG/SG,ATL,NORMAL,DRAFT,2025-10-18T16:19-05:00,10,0,False
4,2595516,Norman Powell,SF,SG,SG/SF,CHI,NORMAL,DRAFT,2025-10-18T16:19-05:00,13,0,False
4,4845367,Stephon Castle,G,PG,PG/SG,SAS,NORMAL,DRAFT,2025-10-18T16:19-05:00,14,0,False
4,4869342,Dyson Daniels,BE,SG,PG/SG,ATL,NORMAL,ADD,2025-11-01T16:53-05:00,0,0,False
4,3936099,Derrick Jones Jr.,F,SF,SF/PF,LAC,NORMAL,ADD,2025-11-05T19:38-06:00,0,0,False
